Gender-Tracy,Tracy No.,Author-Tracy,Title-Tracy,Year-Tracy,abbess (any),bad abbess,good abbess,morality of abbess(es),abduction (any),female abductee,male abductee,gender of abductee(s),adultery,banditti,banishment,"mark, identifying (any)",birthmark,scar,kind of mark,blood (any),"brothers, dissimilar",cave,"child/infant, dead",clergyman (any),evil clergyman,good clergyman,morality of clergyman,confinement (any),extralegal confinement,legal confinement,legality of confinement,convent (any),haven in convent,prison in convent,quality of convent,corpse (any),cross-gender dressing,male disguised as female,female disguised as male,original gender,death (any),emotionally induced death,pre-nuptual death,sad and/or pious death,kind of death,deathbed,agonies on deathbed,"blessing, missed","speech, unfinished, on deathbed",action on deathbed,"door, secret","dream, prophetic",drugging,vice,drunkenness,gaming,gluttony,kind of vice,dueling and other single combat,dungeon,elopement (any),successful elopement,bungled or prevented elopement,success of elopement,execution,fainting (any),female fainting,male fainting,gender of fainter,falling (any),fire (any),flagellation,ghost (any),grave (any),"homecoming, tragic","human as commodity, prey, or sacrifice",illegitimacy,"illness, emotionally induced",incest,actual incest,almost incest,consummation of incest,Inquisition,letter (any),fornicator (any),libertine,loose woman,gender of person having unacceptable sex,lunacy,masking,miniature,"music, mysterious",murder (any),filicide,fratricide,infanticide,mariticide,matricide,parricide,regicide,sororicide,uxoricide,victim of murder,monastery (any),nun (any),sexually active nun,sexuality of nun,orphan,"passage, subterranean",noble peasant or apparent peasant,piracy,poison (any),portrait (any),presentiment,putrefaction,sexual assault,rape,attempted rape,kind of assault,"relative, lost, discovery of","reputation, loss of",Satan and lesser demons,"secrecy, oath of",seduction,of female by male,of male by female,gender of seductee,shipwreck,bones (any),skeleton (any),skull (any),kind of bones,starvation,storm,suicide mentions (any),suicide,attempted or contemplated suicide,faked or threatened suicide,status of suicide,torture (any),usurpation,"vengeance, vow of",villainess,"voice, mysterious","warning, anonymous or pseudonymous",wedding (any),"aborted prior to ceremony, wedding",clandestine wedding,counterfeit wedding,forced wedding,interrupted wedding,status of wedding
m,1,"Ball, Edward",THE BLACK ROBBER. A ROMANCE,1819,,,,,2,1,1,both,,1,,,,,,,1,1,,1,1,,evil,1,1,,extra,,,,,3,1,,,?,1,1,,,emotional,,,,,,1,,,1,1,,,drunkenness,,1,1,1,,successful,1,2,1,1,both,1,1,,1,,1,1,,1,,,,,,,,,,,1,,1,,1,,,,1,,,,,,,1,1,1,,,,,1,,2,,,,,,,1,,,,,,,,1,1,1,,,,,1,1,,,suicide,,,,1,,,2,,1,,1,,clandestine and forced
f,2,"Barbauld, Anna Laetitia",SIR BERTRAND. A FRAGMENT,1792,,,,,,,,,,,,,,,,,,,,,,,,,,,,,,,,,,,,,,,,,,,,,,,,,,,,,,,,,,,,,,,,,,,1,,1,,,,,,,,,,,,,,,,,,,,,,,,,,,,,,,,,,,,,,,,,,,,,,,,,,,,,,,,,,,,,,,,,,,,,,,,,,,,,,,
m,3,"Beckford, William",VATHEK,1786,,,,,,,,,,,,,,,,,,,1,,,,,,,,,,,,,,,,,,,,,,,,,,,,,,1,1,,,1,gluttony,,,,,,,1,2,1,1,both,1,1,,,,,2,,1,,,,,,,,,,,,,,,,,,,,,,,,,,,,,,,,,,,,,,,,,,,,1,,,,,,,1,1,,,,,,,,,,,1,,,,,,,,,,,
unknown,4,unsigned,"THE BLOODY HAND, OR, THE FATAL CUP. A TALE OF HORROR!",n.d.,,,,,,,,,,,1,,,,,,,,,1,1,,evil,1,,1,legal,1,,1,prison,,,,,,,,,,,1,1,,,agonies,,,,,,,,,,1,,,,,,2,1,1,both,,,,,,,,,,,,,,,,,,,,,,,,,,,,,,,,,,,,,,,,,,,1,,,,,,,,1,,,,,,,,,,,,,,,,,,,,,,,,,,,,,,,,
unknown,5,"Bolen, C. A.","THE MYSTERIOUS MONK, OR, THE WIZARD'S TOWER",1826,,,,,1,1,,female,,,,,,,,,,,,,,,,1,1,,extra,1,1,,haven,1,1,,1,female,,,,,,,,,,,1,1,,,,,,,,1,,,,,,,,,,,1,,,,,,1,,1,,1,almost,1,,,,,,,,1,,,,,,,,,,,,,,,,,,1,,,1,,,,1,,1,attempted rape,1,,,,,,,,,,,,,,,,,,,,,1,,,,,1,,,,1,,forced
f,6,"Bonhote, Elizabeth",BUNGAY CASTLE. A NOVEL,1796,,,,,,,,,,,,1,1,,birthmark,,,,,,,,,,,,,2,,1,prison,,1,1,,male,1,1,,,emotional,,,,,,,,,,,,,,,1,,,,,,1,1,,female,,,,,1,,,,,,,,,,,,,,,1,,,1,,,,,,,,,,,,,1,,,,1,,,,,,,,,,,1,,,1,,,,,,,,,,,,,,,,,,,,,1,,3,1,,,1,1,"aborted, forced, and interrupted"
f,7,"Bonhote, Elizabeth",ELLEN WOODLEY. A NOVEL,1790,,,,,,,,,,,,,,,,,,,,,,,,,,,,,,,,,,,,,,,,,,1,1,,,agonies,1,,,1,,1,,gaming,,,,,,,,1,1,,female,,,,1,,,1,,1,,,,,,,1,,1,f,,1,,,,,,,,,,,,,,,,,,,,,,,,,,1,1,,rape,,1,,,,,,,,,,,,,,,,,,,,,,,,,,,,,,,
f,8,"Bonhote, Elizabeth",THE FASHIONABLE FRIEND. A NOVEL,1773,,,,,,,,,,,,,,,,,,,,,,,,,,,,,,,,,,,,,,,,,,,,,,,,,,,,,,,1,,,,,,,1,1,,female,,,,,,1,,,,,,,,,1,,,,,,,,,,,,,,,,,,,,,,,,,,,,,,,,,,,,,,,,,,,,,,,,,,,,,,,,,,,,,,1,,1,,,,clandestine
m,9,"Brewer, James Norris",A WINTER'S TALE,1799,,,,,,,,,,,1,,,,,,,,,1,,1,good,,,,,,,,,1,,,,,1,1,,,emotional,,,,,,,1,,1,1,,,drunkenness,,,,,,,,2,1,1,both,1,,,2,,,,1,,,,,,,,,,,,,1,1,1,2,1,,,,,,,,1,,1,1,,,,1,,,,2,1,1,1,,1,attempted rape,1,1,1,,1,1,,f,1,,,,,,1,1,,1,,attempt,,,,,1,,1,,,,,1,interrupted
m,10,"Brewer, George",THE WITCH OF RAVENSWORTH. A ROMANCE,1808,,,,,,,,,1,,,,,,,2,,,1,1,,1,good,,,,,,,,,,,,,,,,,,,,,,,,1,,,2,1,1,,drunkenness and gaming,,,,,,,,1,1,,female,,1,,1,,,1,,,,,,,,,,,,,,1,,1,1,,,,,,,,,1,,,,,,,1,,,,,,,,,,,,,1,,,,,,,1,,1,,,,,,,,,,,,1,,,,,,,,,
f,11,"Brown, Elizabeth Cullen",THE SISTERS OF ST. GOTHARD. A TALE,1819,,,,,,,,,,,,,,,,,,,,1,,1,good,,,,,,,,,,,,,,2,1,,1,emotional and sad,1,1,,,agonies,,,,,,,,,1,,,,,,,2,1,1,both,1,,,,1,,,,,,,,,,,1,1,,m,,,1,,,,,,,,,,,,,,,,,,,,,,,,,,,,,,,,,,,,,,,,,,,,,,,,,,,,,,,1,,,1,,,counterfeit
m,12,"Brydges, Sir Samuel Egerton",LE FORESTER. A NOVEL,1802,,,,,1,,1,male,,,,,,,,,,,,,,,,,,,,,,,,,,,,,,,,,,,,,,,,,,,,,,,,,1,1,,successful,,1,1,,female,1,,,,,,1,,,,,,,,,,,,,1,,,,,,,,,,,,,,,,,,,1,,,,,,,,,,,,,,,,,,,,1,,,,,,1,,,,,,,1,,,,,,,,,,,
m,13,"Brydges, Sir Samuel Egerton",MARY DE CLIFFORD. A STORY INTERSPERSED WITH MANY POEMS,1792,,,,,,,,,,,,,,,,,,,,,,,,,,,,,,,,,,,,,1,1,,,emotional,,,,,,,,,,,,,,1,,,,,,,1,1,,female,,,,,,,,,1,,,,,,,,,,,1,,,,,,,,,,,,,,,,,,,,,,,,,,,,,,,,,,,,,,,,,,,,,1,,,,,,,,,,,1,,,,,,,
m,14,"Brydges, Sir Samuel Egerton",SIR RALPH WILLOUGHBY. AN HISTORICAL TALE OF THE SIXTEENTH CENTURY,1820,,,,,,,,,,,,,,,,,,,,,,,,,,,,,,,,,,,,,,,,,,,,,,,,1,,,,,,,,,,,,,1,,,,,,,,,,,,,,,,,,,,,,,,1,,,,,,,,,,,,,,,,,,,,,,,,,,,,,,,,,,,,,,,1,,,,,,,,,,,,,,,,,,,,,,,,
f,15,"Burney, Sarah Harriet",CLARENTINE. A NOVEL,1796,,,,,,,,,,,,,,,,,,,,,,,,,,,,,,,,,,,,,1,1,,,emotional,,,,,,,,,1,,1,,gaming,,,,,,,,,,,,,,,,,,,,,,,,,,,,,,,,,,,,,,,,,,,,,,,,,,1,,,,,,,,,,,,1,1,,,,,,,,,,,,,,,,,,,,,,,,,,,,,,,
f,16,"Carver, Mrs.",THE HORRORS OF OAKENDALE ABBEY,1797,,,,,,,,,,,,,,,,,1,,,,,,,1,,1,legal,,,,,1,,,,,1,1,,,emotional,1,,,1,speech,,,,,,,,,,,,,,,,1,1,,female,,,,1,,,,1,,1,,1,almost,,,1,1,,m,,,1,,,,,,,,,,,,,,,,,,,,,,1,,1,,,,,1,,,,,,,,,2,1,1,,,,,,,,,,,,,,,,,,,,,
unknown,17,unsigned,"THE CAVERN OF HORRORS, OR, MISERIES OF MIRANDA. A NEAPOLITAN TALE",1802,,,,,1,1,,female,,,,,,,,,,,,,,,,,,,,1,,,,,,,,,,,,,,,,,,,,,,,,,,,,,,,,,,,,,,,,,,,,,,,,,,,,,,,,,,,,,,,,,,,,,,,,,,,,,,,,,,,,,,,,,,,,,,,,,,,,,,,1,1,,,suicide,,,,,,,,,,,,,
unknown,18,unsigned,"COUNT RODERIC'S CASTLE, OR, GOTHIC TIMES. A TALE",1794,,,,,,,,,1,,,,,,,,,1,,,,,,,,,,,,,,,,,,,,,,,,,,,,,1,,,,,,,,,1,,,,,,1,1,,female,,,,,,,,,,,,,,,,,,,,,,,,,,,,,,,,,,,,,,,,1,,,,,,,1,,1,attempted rape,,,,,,,,,,,,,,,1,,,,,,,1,,,,,,,,,,,
m,19,"Croly, George","SALATHIEL. A STORY OF THE PAST, THE PRESENT, AND THE FUTURE",1828,,,,,,,,,,,,,,,,,,1,,,,,,1,,1,legal,,,,,,,,,,,,,,,,,,,,,,,,,,,,,1,,,,,,,,,,1,1,,,,1,,,,,,,,,,,,,,1,,,,,,,,,,,,,,,,,,,,,,1,,,1,,,,,,1,,,,,,,,1,,,,,,,,,,,,,,,,1,,1,1,,,,,aborted
m,20,"Crookenden, Isaac","FATAL SECRETS, OR, ETHERLINDA DE SALMONI. A SICILIAN STORY",1806,,,,,1,,1,male,1,1,,,,,,,,,,,,,,1,1,,extra,,,,,,,,,,1,1,,,emotional,,,,,,1,,,1,,1,,gaming,,1,,,,,,,,,,,,,,,,,1,1,1,1,,actual,,,1,,1,f,,,,,,,,,,,,,,,,,,,,,,,,,,,,,,,,1,,,,1,1,,f,,,,,,,,1,1,,,suicide,,1,,,,,,,,,,,
m,21,"Crookenden, Isaac","HORRIBLE REVENGE, OR, THE MONSTER OF ITALY!!",1808,,,,,,,,,,,,,,,,,,,,,,,,,,,,,,,,,,,,,,,,,,,,,,,,,,,,,,,,1,,,,,,,,,,,,,,,,,,,1,,1,almost,,,,,,,,,,,1,,,,,,1,,,,,,,,,,,,,,,,,,,,,1,,,,,,,,,1,,1,,,,2,1,1,,suicide and attempt,,,,,,,,,,,,,
m,22,"Crookenden, Isaac","THE ITALIAN BANDITTI, OR, THE SECRET HISTORY OF HENRY AND MATILDA. A ROMANCE. With HORRIBLE REVENGE is bound HOPELESS LOVE. AN INTERESTING TALE",1811,,,,,1,,1,male,,1,,,,,,,,,,,,,,,,,,,,,,,,,,,,,,,,,,,,,,,,,,,,,,1,,,,,,,,,,,,,,,,,,,1,,1,almost,,,,,,,,,,,,,,,,,,,,,,,,,,,,,,,,,,,,,,1,,,,,,,,,,,,,,,,,,,,,1,,,,,,,,,,,
m,23,"Crookenden, Isaac","THE MYSTERIOUS MURDER, OR, THE USURPER OF NAPLES. AN ORIGINAL ROMANCE. TO WHICH IS PREFIXED THE NOCTURNAL ASSASSIN, OR, SPANISH JEALOUSY",1806,,,,,,,,,,,,,,,,,,,,,,,,1,1,,extra,,,,,1,,,,,,,,,,,,,,,,,,,,,,,,,,,,,,,,,,,,,,,,,,,1,,1,almost,,,,,,,,,,,,,,,,,,,,,,,,,,,,,,,,,1,1,,1,attempted rape,,,,,,,,,,,,,,,,,,,,,,1,,,,,,,,,,,
m,24,"Crookenden, Isaac",ROMANTIC TALES,n.d.,1,1,,bad,2,1,1,both,,,,,,,,,,1,1,1,1,,evil,2,1,1,both,1,,1,prison,2,,,,,1,1,,,emotional,1,,1,,blessing,1,,,1,1,,,drunkenness,1,1,,,,,,1,1,,female,,,,1,,,,,,,,,,,,1,,1,f,,,1,1,1,,,,,,,,,1,,,,,,1,1,,1,1,,,,2,1,1,both,1,,,,1,1,,f,,,,,,,1,1,1,,,suicide,,,,,,,1,1,,,,,aborted
m,25,"Crookenden, Isaac","THE SKELETON, OR, MYSTERIOUS DISCOVERY. A GOTHIC ROMANCE",1805,,,,,1,,1,male,,,,,,,,,,,,,,,,,,,,,,,,,,,,,,,,,,1,1,,,agonies,,,,,,,,,,1,,,,,,,,,,,,,,,,,,,,,,,,1,,,,,,,,,,,,,,,,,,,,,,,,,,1,,,,,,1,,1,attempted rape,1,,,1,,,,,,,,,,,,,,,,,,1,,,,,,,,,,,
m,26,"Crookenden, Isaac","SPECTRE OF THE TURRET, OR, GUOLTO CASTLE. A ROMANCE",n.d.,,,,,1,,1,male,,,,,,,,,,,,,,,,1,1,,extra,,,,,,,,,,,,,,,1,1,,,agonies,,,,,,,,,,,,,,,,,,,,,,,1,,,,,,,,,,,1,,,,,,,,,,,,,,,,,,,,,,,,,,,,,,,,,,,,,,,,,,,,,,,,,,,1,1,,,suicide,,,,,1,,1,,,,,1,interrupted
m,27,"Crookenden, Isaac","STORY OF MORELLA DE ALTO, OR, THE CRIMES OF SCORPINO DEVELOPED",1804,,,,,1,1,,female,,,,,,,,,,,,,,,,,,,,,,,,,,,,,,,,,,,,,,,,,,,,,,,,,,,,,,,,,,,,,,,,,,,,,,,1,,,,,,,,,,,,,,,,,,,,,,,,,,,,,,,,,1,1,,rape,,,,,,,,,,,,,,,,,,,,,,,,,,,,,,,,,
m,28,"Cullen, Stephen","THE HAUNTED PRIORY, OR, THE FORTUNES OF THE HOUSE OF RAYO. A ROMANCE FOUNDED PARTLY ON HISTORICAL FACT",1794,,,,,1,1,,female,,1,,1,1,,birthmark,,,,,,,,,1,1,,extra,,,,,1,,,,,,,,,,,,,,,1,1,1,,,,,,,1,,,,,1,1,1,,female,,,,,1,,,,1,1,,1,almost,1,,,,,,1,,1,1,,,,,,,,,,,,,,,,,1,,,1,1,,1,1,,1,attempted rape,,,,,,,,,,2,2,,,,1,1,1,,,suicide,,,,1,,1,1,,1,,,,clandestine
m,29,"Curties, T. J. Horsley","ANCIENT RECORDS, OR, THE ABBEY OF SAINT OSWYTHE. A ROMANCE",1801,2,1,1,both,1,1,,female,,1,,,,,,,1,1,1,1,1,,evil,1,1,,extra,1,,1,prison,1,1,,,?,1,,,1,sad,2,1,,1,agonies and speech,1,1,,1,1,,,drunkenness,,1,,,,,,2,1,1,both,2,1,,4,1,,,,,1,1,,actual,,,,,,,1,1,1,1,1,,1,,,,,,,,,1,2,1,,,1,,1,,,1,,1,,1,attempted rape,,1,,1,,,,,,1,,1,,,1,,,,,,,1,1,1,1,,3,,1,1,,1,"clandestine, counterfeit, and interrupted"
m,30,"Curties, T. J. Horsley","ETHELWINA, OR, THE HOUSE OF FITZ-AUBURNE. A ROMANCE OF FORMER TIMES",1799,,,,,2,1,1,both,,1,,,,,,,,,,,,,,1,,1,legal,,,,,1,,,,,,,,,,1,1,,,agonies,1,1,1,,,,,,,1,,,,,,,,,,,,,1,,,,,1,,,,,,,1,1,,m,1,,1,,,,,,,,,,,,,,,,,1,,,,,,,1,1,,1,attempted rape,1,,,,,,,,,,,,,,1,1,1,,,suicide,,1,1,,,,,,,,,,
m,31,"Curties, T. J. Horsley",THE MONK OF UDOLPHO,1807,,,,,1,1,,female,,1,,,,,,,,,,1,1,,evil,1,1,,extra,,,,,,,,,,1,1,,,emotional,,,,,,1,1,1,1,,1,,gaming,,1,,,,,,,,,,,1,,1,,,,1,1,,,,,1,,1,,1,f,,1,,,,,,,,,,,,,,1,1,1,,,,1,,,,1,,1,,1,attempted rape,1,,,1,,,,,,1,1,,,1,,1,1,,,suicide,1,1,1,,1,1,2,,,1,,1,counterfeit and interrupted
m,32,"Curties, T. J. Horsley","ST. BOLTOPH'S PRIORY, OR, THE SABLE MASK. AN HISTORICAL ROMANCE",1806,,,,,,,,,1,,,,,,,,,,,,,,,,,,,,,,,,,,,,,,,,,,,,,,,,,,,,,,,1,,,,,,1,1,,female,,,,,,,,,,1,,1,almost,,1,,,,,,1,,,1,,1,,,,,,,,,,,,,1,1,,,,,,,,,,,,,,,,,,,1,,,,,,1,,,,,,,,,,,,,,,,,,
m,33,"Curties, T. J. Horsley","THE WATCH TOWER, OR, THE SONS OF ULTHONA. AN HISTORICAL ROMANCE",1804,1,1,,bad,1,1,,female,,,,,,,,1,,1,,,,,,1,1,,extra,2,1,1,both,4,1,,1,,1,,,1,sad,1,1,,,agonies,1,1,1,,,,,,,1,,,,,,2,1,1,both,,1,,2,2,,,,,1,,1,almost,,1,,,,,1,,,1,,,,,,,,,,,,,,,,1,1,,1,1,,1,,1,,1,attempted rape,1,,,1,,,,,,,,,,1,1,1,,,1,fake,1,1,1,,1,,2,,,,1,1,forced and interrupted
f,34,"Cuthbertson, Catherine","SIR ETHELBERT, OR, THE DISSOLUTION OF MONASTERIES. A ROMANCE",1830,,,,,1,1,,female,1,,,,,,,,,,,1,1,,evil,,,,,1,,1,prison,,,,,,,,,,,,,,,,,,,,,,,,,1,,,,,,1,1,,female,,2,,1,,,,,,,,,,,,,,,,,,,,,,,,,,,,,,,,,,,,,,,,,,,,,,,,,,,,,,,1,1,1,,,,1,,,,,,,,,,,,,,,,,,
f,35,"Dacre, Charlotte",CONFESSIONS OF THE NUN OF ST. OMER. A TALE,1805,,,,,,,,,1,,1,,,,,,,,,,,,,1,,1,legal,1,1,,haven,,,,,,,,,,,,,,,,,,,1,,1,,gaming,1,,,,,,,,,,,1,,,,,,,,,,,,,,,2,1,1,both,,,,,,,,,,,,,,,,,,,,,,,,,,,,,,,,,,,,1,1,,f,,,,,,1,,2,1,1,,suicide and attempt,,,,1,,1,1,,,1,,,counterfeit
f,36,"Dacre, Charlotte",THE LIBERTINE,1807,,,,,,,,,,,,,,,,,,,,,,,,,,,,2,,1,prison,,1,,,,1,,,1,sad,,,,,,,,,2,1,1,,drunkenness and gaming,,,,,,,,1,1,,female,,,,,,,,1,,,,,,,1,1,1,,m,1,,1,,,,,,,,,,,,,,,,,,,,,1,,,,,,,,1,,,,1,1,,f,,,,,,1,,1,1,,,suicide,,,,1,,,,,,,,,
f,37,"Dacre, Charlotte",THE PASSIONS,1811,,,,,,,,,,,,,,,,,,,,,,,,,,,,,,,,,,,,,1,,,1,sad,,,,,,,,,1,,1,,gaming,,,,,,,,1,,1,male,,,,,,,,,,,,,,,,,,,,1,,,,,,,,,,,,,,,,,,,,,,,,,1,,,,,,,,,,,,,,,,,,,,1,1,1,,,suicide,,,1,1,,1,,,,,,,
f,38,"Dacre, Charlotte","ZOFLOYA, OR, THE MOOR. A ROMANCE OF THE FIFTEENTH CENTURY",1806,,,,,,,,,1,1,,,,,,,,1,,,,,,1,1,,extra,,,,,1,,,,,1,,,1,sad,,,,,,,1,1,1,,1,,gaming,,,,,,,,,,,,1,,,,,,,,,,,,,1,1,,,,,,,,1,,,,,,,,,,,,,,,,,,,,1,,,1,1,,1,attempted rape,1,,1,1,2,1,1,both,,,,,,,1,1,1,,,suicide,,,,1,,,,,,,,,
m,39,"Dallas, Robert Charles","SIR FRANCIS DARRELL, OR, THE VORTEX. A NOVEL",1810,,,,,,,,,,,,,,,,,,,,,,,,,,,,,,,,,,,,,,,,,,,,,,,,,,,,,,,1,,,,,,,,,,,,,,,,,,,,,,,,,,,,,,1,,,,,,,,,,,,,,,,,,,,,,,,,,,,,,,,,,,,,,,,,,,,,,1,,1,,attempt,,,,,,,,,,,,,
f,40,"Davenport, Selina",AN ANGEL'S FORM AND A DEVIL'S HEART,1818,,,,,,,,,,,,1,,1,scar,,,,1,,,,,,,,,,,,,,,,,,1,,,1,sad,1,,1,,blessing,,,,1,,1,,gaming,,,1,1,,successful,,,,,,,,,,,,,,,1,,1,almost,,,,,,,,,,,,,,,,,,,,,,,,,,,,,,,,,,,,,,1,,,,,,,,,,,,,,,1,1,,,suicide,,,,1,,,1,,1,,,,clandestine
f,41,"Davenport, Selina",ITALIAN VENGEANCE AND ENGLISH FORBEARANCE. A ROMANCE,1828,,,,,1,,1,male,,,1,,,,,,1,,,,,,,,,,,,,,,,1,,,,,,,,,,,,,,,1,,1,,1,,gaming,1,,1,1,,successful,,1,1,,female,,,,,,,,,1,,,,,,,1,1,,m,,1,1,1,,,,,,,,,,,,,,,,1,,,,,,1,,,,,,,,,1,1,1,,f,1,,,,,,,,,,,,,,1,1,,1,,,,,,,
m,42,"DeQuincey, Thomas","KLOSTERHEIM, OR, THE MASQUE",1832,1,,1,good,2,1,,female,,,,,,,,1,,,,,,,,2,1,1,both,1,1,,haven,1,,,,,,,,,,1,1,,,agonies,,,,1,1,,,drunkenness,,,,,,,,1,,1,male,,,,,,,,,,,,,,,2,,,,,,1,,,,,,,,,,,,,,,,,,,,,,,,,,,,,,,,,,,,,,,,,,,,,,,,,,1,1,,,1,1,,,,,,,
m,43,"Drake, Nathan","LITERARY HOURS, OR SKETCHES CRITICAL, NARRATIVE, AND POETICAL",1804,,,,,1,1,,female,,1,,,,,,,,1,,,,,,1,1,,extra,,,,,3,,,,,,,,,,1,1,,,agonies,,,,,,,,,,,,,,,,1,,1,male,3,,,1,,1,,,1,,,,,,,,,,,1,,,1,,,,,,,,,,,,,,,,,,,,,,,,,,,,1,,1,,1,1,,f,,,,,,,1,1,,1,,attempt,,,,,1,,,,,,,,
f,44,"Edridge, Rebecca","THE HIGHEST CASTLE AND THE LOWEST CAVE, OR, EVENTS OF THE DAYS WHICH ARE GONE",1825,,,,,,,,,,,,,,,,,,1,1,,,,,,,,,,,,,,,,,,,,,,,,,,,,,,1,,,,,,,,,,,,,1,1,,female,,,,,,1,,1,,,,,,,,,,,,1,,,,2,,1,1,,,,,,,,,,,,,1,,,,,,,,,,,1,,,,,,,,,,,,,1,,,,,,,,,1,,,,,,,,,,
m,45,"Lathom, Francis","FATAL VOWS, OR, THE FALSE MONK. A ROMANCE",1810,,,,,,,,,,1,,,,,,1,1,,,1,1,,evil,1,1,,extra,,,,,,,,,,1,,1,,pre-nuptual,,,,,,,1,,1,,1,,gaming,,,,,,,,1,1,,female,,,,,,,,1,,,,,,,,,,,,1,,,,1,1,,,,,,,,,,,,,,1,,,,1,,,,,,,,,,,,1,1,,f,,,,,,,1,,,,,,,,,,1,,1,,,,1,,forced
m,46,"Fletcher, Grenville","ROSALVIVA, OR, THE DEMON DWARF. A ROMANCE",1824,,,,,,,,,,1,,,,,,,,,,,,,,,,,,,,,,1,,,,,,,,,,,,,,,,,,,,,,,1,1,,,,,,1,1,,female,,,,,,,,,,,,,,,,,,,,,1,,,,,,,,,,,,,,,,,,,,,,,,,1,,,,,1,,,,,,,,,,,,,,,1,1,,,suicide,,,1,1,,,1,,,,1,,forced
m,47,"Fox, Joseph, Jr.","SANTA-MARIA, OR, THE MYSTERIOUS PREGNANCY. A ROMANCE",1797,,,,,1,,1,male,,1,,,,,,,,,1,,,,,,,,,,,,,1,1,,,,,,,,,,,,,,1,1,1,1,1,,,drunkenness,,,,,,,1,1,1,,female,,,,,,,,,1,1,1,,actual,1,,1,1,,m,,,1,1,,,,,,,,,,,,,,,,,,,1,,1,1,,1,1,,rape,1,1,,1,,,,,,1,,1,,1,1,1,1,,,suicide,1,,,,1,,,,,,,,
m,48,"Gaspey, Thomas","THE MYSTERY, OR, FORTY YEARS AGO. A NOVEL",1820,,,,,,,,,,,,,,,,,1,,,,,,,1,1,,extra,,,,,,,,,,1,,,1,sad,,,,,,,,,1,1,,,drunkenness,,,,,,,,1,1,,female,,1,1,,1,,2,,1,1,,1,almost,,,,,,,1,,1,,,,,,,,,,,,,,,,,,,,,,,,,,,,,,,,,1,1,,f,1,,,,,,1,,,,,,1,,,,,,,,,,,,
m,49,"Godwin, William","FLEETWOOD, OR, THE NEW MAN OF FEELING",1805,,,,,,,,,1,,,,,,,,1,,,,,,,1,1,,extra,,,,,,,,,,1,1,,,emotional,,,,,,,,,1,1,,,drunkenness,,,1,1,,successful,1,,,,,,,,,,1,,1,1,,,,,,2,2,1,1,both,1,,1,,2,1,,,,,,,,1,,,,,,1,,,,,,,,,,,,,1,,1,1,1,,f,1,,,,,,1,2,1,1,,suicide and attempt,1,,,,,1,,,,,,,
m,50,"Godwin, William",ST. LEON. A TALE OF THE SIXTEENTH CENTURY,1799,,,,,1,,1,male,,,,,,,,,,,1,,,,,1,,1,legal,,,,,,,,,,1,1,,,emotional,,,,,,,,,1,,1,,gaming,1,1,,,,,,,,,,,1,,,,,,,1,,,,,1,,,,,,1,,,,,,,,,,,,,,,,,,,1,,,,,,,,,,,,1,,,,,,,,,,,,,1,1,,,,,,,,,,,,,,,,,,
m,51,"Godwin, William","THINGS AS THEY ARE, OR, THE ADVENTURES OF CALEB WILLIAMS",1794,,,,,,,,,,1,,,,,,,1,,,,,,,2,1,1,both,,,,,,,,,,,,,,,,,,,,,1,,1,1,,,drunkenness,,1,,,,,,,,,,,1,,,,,,,1,,,,,,,,,,,,,,,,,,,,,,,,,,,,,,1,,,,,,1,,1,,1,attempted rape,,,,1,,,,,,,,,,,,,,,,,,,,,,,,,,,,,
f,52,"Green, Sarah",DECEPTION,1813,,,,,1,1,,female,,,,,,,,,,,,2,1,1,both,1,1,,extra,,,,,,,,,,,,,,,,,,,,,,,1,,1,,gaming,,,,,,,,,,,,,,,,,,,1,,,,,,,,,,,,1,1,,,,,,,,,,,,,,,,,,,,,,,,,,,,,,,,,,,,,,,,,,,,,1,,1,,attempt,,1,,,,,,,,,,,
m,53,"Green, William Child","ABBOT OF MONTSERRAT, OR, THE POOL OF BLOOD. A ROMANCE",1826,,,,,1,1,,female,,1,,,,,,1,,,,2,1,1,both,,,,,,,,,,,,,,,,,,,1,1,,,agonies,,,,,,,,,,1,,,,,,1,,1,male,1,1,,,1,,,,,,,,,1,,,,,,,,,,,,,,,,,,,,,,,,,,,,,,,,,,,,,1,,1,,,,,,,1,,1,,,1,,,,,,1,,,,,,,,,,,,
m,54,"Green, William Child","THE ALGERINES, OR, THE TWINS OF NAPLES",1832,1,,1,good,,,,,,1,,,,,,,,1,,,,,,,,,,,,,,,,,,,,,,,,,,,,,,,,1,1,,,drunkenness,1,1,,,,,,2,1,1,both,2,,1,,,,1,,,,,,,,1,1,,1,f,,,,,,,,,,,,,,,,,1,,,,,,1,,,1,,,,,,,,1,1,,,,,1,,,,,,1,,,,,,,,,,1,,,,,,,,
m,55,"Green, William Child",ALIBEG THE TEMPTER. A TALE WILD AND WONDERFUL,1831,,,,,,,,,,,,,,,,,,,,,,,,2,1,1,both,,,,,,,,,,1,1,,,emotional,,,,,,,,,,,,,,,,,,,,,1,1,,female,1,,,1,,,,,,,,,,,,,,,,,,,,,,,,,,,,,,,,,,,,,,1,,,,,1,,1,attempted rape,,,,,,,,,1,,,,,,1,1,1,,,suicide,,,,,,,,,,,,,
m,56,"Green, William Child","THE PROPHECY OF DUNCANNON, OR, THE DWARF AND THE SEER. A CALEDONIAN LEGEND",1824,,,,,,,,,,,,,,,,,,1,,,,,,1,,1,legal,,,,,1,,,,,,,,,,,,,,,,,,,,,,,,1,1,1,,successful,,2,1,1,both,,,,2,,,,,,1,,1,almost,,,,,,,,,,,,,,,,,,,,,,,,,,1,,1,,,,,,,,,,,1,,1,,,,,1,,,,,,1,1,1,,,suicide,,1,,,,,2,1,1,,,,aborted and clandestine
m,57,"Green, William Child","THE WOODLAND FAMILY, OR, THE SONS OF ERROR AND DAUGHTERS OF SIMPLICITY. A DOMESTIC TALE",1824,,,,,,,,,,,,,,,,,,,,,,,,,,,,,,,,,,,,,1,1,,,emotional,,,,,,,,,1,1,,,drunkenness,1,,1,1,,successful,,1,1,,female,,,,,,,,1,1,,,,,,,2,1,1,both,1,1,,,1,,,,,1,,,,,,,,,,,,,,,,,,,,,,,1,,,1,1,,f,,,,,,,1,,,,,,,,,,,,,,,,,,
m,58,"Grosse, Karl",THE DAGGER,1795,,,,,1,,1,male,1,,1,,,,,,,,,,,,,,,,,,,,,,1,,,,,,,,,,,,,,,,,,,,,,,,,,,,,2,1,1,both,,,,,,,,,,,,,,,,,,,,,,,,,,,,,,,,,,,,,,,,,,,1,,,,,,,,,,,,,,,,,,,,,,,1,,1,,attempt,,,,,,,,,,,,,
m,59,"Grosse, Karl",HORRID MYSTERIES. A STORY,1796,,,,,1,,1,male,1,1,,,,,,1,,,,,,,,,,,,1,1,,haven,,,,,,,,,,,,,,,,,1,1,1,,1,,gaming,1,1,1,,1,prevented,,2,1,1,both,1,,,,,,,,,,,,,,,,,,,,1,,1,,,,,,,,,,,,,,,,,1,1,,,,,,,,,,1,,,1,1,1,,f,,,,,,,1,1,1,,,suicide,,,,,,1,,,,,,,
f,60,"Hamilton, Ann Mary",THE FOREST OF ST. BERNARDO,1806,,,,,1,1,,female,,,,,,,,,,,1,1,,1,good,,,,,2,,1,prison,1,,,,,,,,,,,,,,,1,,,2,1,1,,drunkenness and gaming,,,,,,,,1,1,,female,,,,,,,,,,,,,,,,1,,1,f,,,1,,,,,,,,,,,,,2,1,1,,,,,,,,,,,,,,,,,,,,,,,,,,,,1,,,,,,,,,,,,1,,1,,,,clandestine
f,61,"Hamilton, Ann Mary","MONTALVA, OR, ANNALS OF GUILT",1811,,,,,2,1,1,both,,,,,,,,,,,1,,,,,1,1,,extra,1,,1,prison,,,,,,1,1,,,emotional,,,,,,,,1,1,,1,,gaming,,,,,,,,,,,,,,,,,,,1,,,,,,1,,2,1,1,both,,,,,,,,,,,,,,,,,,,,,,,,,,,,,,,,1,,1,,1,1,,f,,,,,,,,,,,,,,,,1,,,2,,,,1,1,forced and interrupted
f,62,"Harley, Mrs.",PRIORY OF ST. BERNARD. AN OLD ENGLISH TALE,1789,1,,1,good,1,1,,female,,,1,,,,,,,1,,,,,,1,1,,extra,1,1,,haven,,1,,,,,,,,,1,,,1,speech,1,,,,,,,,1,1,,,,,,2,1,1,both,1,,,,,,,,1,,,,,,,1,1,,m,,,1,,2,,,,,,,,1,1,,1,,,,,,,,,,,,,,,,1,1,,,,,,,,,,,,,1,1,,1,,attempt,,1,,,,,2,,,,1,1,forced and interrupted
f,63,"Helme, Elizabeth",DUNCAN AND PEGGY. A SCOTTISH TALE,1794,,,,,2,1,1,both,,,,,,,,,,,,,,,,,,,,,,,,,,,,,,,,,,,,,,,,,,,,,,,,1,,,,,,,,,,,,,,,,1,,,,,,,,,1,,1,f,,,1,,,,,,,,,,,,,,,,,1,,1,,,,,,,,,,1,,,,,,,,,,,,,,,,,,,,,,,,,,,,,,,,
f,64,"Helme, Elizabeth",THE FARMER OF INGLEWOOD FOREST,1796,,,,,1,1,,female,1,,,,,,,,,,1,,,,,1,,1,legal,,,,,,,,,,2,1,,1,emotional and sad,,,,,,,1,1,2,1,1,,drunkenness and gaming,1,,,,,,,2,1,1,both,,1,1,,,,1,1,1,1,,1,almost,,,2,1,1,both,1,,,,,,,,,,,,,,,,,,,,,,,,,1,,2,1,1,both,,,,,2,1,1,both,,,,,,,,1,1,,,suicide,,,,,1,,1,,1,,,,clandestine
f,65,"Helme, Elizabeth","ST. MARGARET'S CAVE, OR, THE NUN'S STORY. AN ANCIENT LEGEND",1801,1,,1,good,,,,,1,1,,1,,1,scar,,1,1,,,,,,1,1,,extra,,,,,,1,,,,1,,1,,pre-nuptual,,,,,,,1,,,,,,,,,1,1,,successful,,1,,1,male,,1,1,,,,,1,,,,,,,,,,,,1,,,,1,,,1,,,,,,,,,1,,,1,,1,,,,,,,,,,1,,,,1,1,,f,,,,,,,1,,,,,,,,,,,,,,,,,,
m,66,"Hogg, James",THE PRIVATE MEMOIRS AND CONFESSIONS OF A JUSTIFIED SINNER,1824,,,,,,,,,,,1,,,,,,,,,1,1,,evil,1,1,,extra,,,,,2,,,,,,,,,,,,,,,,1,,1,1,,,drunkenness,1,,,,,,,1,1,,female,1,,1,,1,,,1,,,,,,,,1,,1,f,,,,,2,,1,,,1,,,,,,,,,,,,,,,,,,,,,,,,1,,1,1,,f,,,,,,,,1,1,,,suicide,,,,,,,,,,,,,
m,67,"Hogg, James","THE THREE PERILS OF MAN, OR, WAR, WOMEN, AND WITCHCRAFT. A BORDER ROMANCE",1822,,,,,,,,,,,1,,,,,,,,,,,,,1,1,,extra,,,,,(horse),1,,,,,,,,,,,,,,,,,2,1,,1,drunkenness and gluttony,,,,,,,,,,,,1,,,1,,,,,,,,,,,,,,,,,,,,,,,,,,,,,,,,,,,,,,,,,,,,,,,,,1,,,,,,,,,,,1,,,,,,,,,,,,,,,,,,,
m,68,"Holcroft, Thomas",ANNA ST. IVES. A NOVEL,1792,,,,,2,1,1,both,,,,,,,,,,,,,,,,2,1,1,both,,,,,,,,,,,,,,,,,,,,,,1,1,,1,,gaming,1,,,,,,,,,,,,,,,,,,,,,,,,,,1,1,,m,,,,,,,,,,,,,,,,,,,,,,,,,,,,1,,1,attempted rape,,,,,,,,,,,,,,,1,1,,1,,attempt,,,,,,,,,,,,,
f,69,"Holford, Margaret",WARBECK OF WOLFSTEÏN,1820,,,,,1,1,,female,,1,,,,,,,,,,,,,,1,1,,extra,,,,,,,,,,2,1,1,,emotional and pre-nuptual,,,,,,,1,1,,,,,,,,,,,,,1,1,,female,,,,,,,,,1,,,,,1,,2,1,1,both,,1,1,,,,,,,,,,,,,,2,2,,,,,,,,,,,,,,,,,,,,,,,,,,,,1,1,1,,,suicide,,,,,,,1,,,,,1,interrupted
m,70,"Huish, Robert","THE BROTHERS, OR, THE CASTLE OF NIOLO",1820,1,,1,good,2,1,1,both,,1,,,,,,1,1,1,,1,1,,evil,1,1,,extra,,,,,,,,,,,,,,,,,,,,1,,1,2,1,1,,drunkenness and gaming,,,,,,,,1,1,,female,,2,,1,1,1,,,,,,,,,,1,1,,m,1,,,,1,,,,,,1,,,,,,1,1,,,1,,,2,,,,1,1,,rape,,,1,,,,,,,1,,1,,,,1,1,,,suicide,,,1,,1,1,,,,,,,
m,71,"Huish, Robert",FITZALLEN,1832,,,,,1,1,1,both,,,,,,,,,,,1,,,,,2,1,1,both,,,,,,1,,,,2,1,,1,emotional and sad,2,1,,1,agonies and speech,,,1,,,,,,1,,1,1,,successful,,2,1,1,both,,,1,,,,,1,,,,,,,1,1,1,,m,1,1,,,,,,,,,,,,,,,,,,,,,,,1,1,,,,,,,,,,1,1,,f,,,,,,,,2,1,1,,suicide and attempt,,,1,1,,1,,,,,,,
m,72,"Huish, Robert","THE RED BARN. A TALE, FOUNDED ON FACT",1828,,,,,,,,,,,,,,,,,,,1,,,,,,,,,,,,,1,1,,,,,,,,,,,,,,,,,,,,,,,,,,,,,,,,,,,,,,,,1,,,,,,,1,,,,,,,,,,,,,,,,,,,,,,,,,,,,,,,1,,,,,,,,,,,,,,,,,,,,,,,,,,,,,1,,,,,,,,
unknown,73,unsigned,THE IDIOT HEIRESS. A NOVEL,1805,,,,,1,1,,female,,,1,,,,,,,,,1,,1,good,,,,,,,,,1,,,,,,,,,,,,,,,,,,1,1,,,drunkenness,1,,,,,,,,,,,,,,,,,,,,,,,,,,,,,,,,1,,,,,,,,,,,,,,,,,,,,,,,,,,,,,1,,,,1,1,,f,,,,,,,,,,,,,,,,,,,,,,,,,
m,74,"Ireland, William Henry",THE ABBESS. A ROMANCE,1799,1,1,,bad,,,,,,1,,,,,,,,,1,,,,,1,1,,extra,3,1,1,both,1,,,,,2,1,,1,emotional and sad,,,,,,1,1,1,,,,,,,1,,,,,,1,1,,female,1,1,1,,,,,1,,,,,,1,,,,,,,1,,1,2,,1,,,1,,,,,,,,,,,1,,,,,,1,1,1,,rape,1,1,,1,1,,1,m,,,,,,,,,,,,,1,,1,,,,,,,,,,
m,75,"Ireland, William Henry","GONDEZ, THE MONK. A ROMANCE OF THE THIRTEENTH CENTURY",1805,1,1,,bad,1,1,,female,,,,,,,,2,1,1,,,,,,1,1,,extra,2,,1,prison,2,1,,,,1,1,,,emotional,,,,,,1,1,,,,,,,,1,,,,,,1,1,,female,,1,1,4,,,,,1,1,,1,almost,1,,,,,,,,,,1,,,,,,1,,,,,1,1,1,,,1,,,1,,1,,1,,1,attempted rape,,,,1,,,,,1,2,1,1,,1,1,,,,,,1,,1,,1,,,,,,,,
m,76,"Ireland, William Henry","RIMAULDO, OR, THE CASTLE OF BADAJOS",1800,,,,,1,,1,male,,,,,,,,,,1,,1,1,,evil,1,1,,extra,1,,1,prison,,,,,,,,,,,1,1,,,agonies,1,1,,,,,,,,1,,,,,1,2,1,1,both,,,,3,,,,,,,,,,1,,,,,,,1,1,,2,1,,,,,,,,1,,,,,,1,1,1,,,,1,1,1,,1,attempted rape,,,,1,,,,,,1,1,,,1,1,1,1,,,suicide,,,,,1,1,1,,,,1,,forced
f,77,"Isaacs, Mrs.","ARIEL, OR, THE INVISIBLE MONITOR",1801,,,,,,,,,,1,,,,,,,1,1,,,,,,1,1,,extra,,,,,,,,,,,,,,,,,,,,1,,,,,,,,1,1,,,,,,,,,,,,,,,,,,,,,,,,,,,,,1,1,1,1,1,,,,,,1,,,,,,,,,1,1,,,,,,,,,,,1,,,1,,,,,,,,,,,1,,,,,,,1,,,1,,,,,,,,
f,78,"Jamieson, Frances",THE HOUSE OF RAVENSPUR. A ROMANCE,1822,2,1,1,both,1,1,,female,,1,1,,,,,,1,1,,1,1,,evil,,,,,,,,,,,,,,1,1,,,emotional,,,,,,1,,,,,,,,,1,,,,,,1,1,,female,1,,,,,,,,,1,,1,almost,1,,,,,,,,,,,,,,,,,,,,,,,,,,,,,1,,,,,,,,,,,,,,,,,,,,,,,1,1,,,suicide,,1,,,,,,,,,,,
m,79,"Kahlert, Karl Friedrich","THE NECROMANCER, OR, THE TALE OF THE BLACK FOREST",1794,,,,,,,,,,1,,,,,,1,,,,,,,,1,1,,extra,,,,,,,,,,,,,,,,,,,,,,,1,1,,,drunkenness,1,,,,,,,,,,,,1,,2,,,1,,,1,,1,almost,,,,,,,1,,,,,,,,,,,,,,,,,,,,,,,,,,,,,,,,,,,,,,,,,,,,,,,,,,,,,,,,,,,,,,,
f,80,"Kelly, Isabella",THE ABBEY OF SAINT ASAPH. A NOVEL,1795,,,,,,,,,,,,,,,,,1,,1,,,,,1,,1,legal,,,,,,,,,,1,,,1,sad,,,,,,,,,,,,,,,,,,,,,2,1,1,both,,,,1,,,,1,1,,,,,,,1,1,,m,,,,,1,,1,,,,,,,,,,,,,,,,,,,,,,,,,1,1,,,,,,,,2,1,1,,,,1,,1,,attempt,,1,,,,,1,,,,,1,interrupted
f,81,"Kelly, Isabella","MADELINE, OR, THE CASTLE OF MONTGOMERY. A NOVEL",1794,,,,,,,,,,,,,,,,,,,1,,,,,1,1,,extra,,,,,,,,,,1,1,,,emotional,,,,,,,,,,,,,,1,,,,,,,,,,,,1,,,,,,1,,,,,,,,1,1,,m,,,,,,,,,,,,,,,,,,,,,,,,,1,,,,,,,,,,,,,,,,,,,,,1,1,1,,,suicide,,,,,,,,,,,,,
f,82,"Lamb, Caroline",ADA REIS. A TALE,1823,,,,,2,1,1,both,,,,,,,,,,,,,,,,,,,,,,,,,,,,,,,,,,,,,,,,,,1,1,,,drunkenness,,,,,,,,,,,,1,1,,2,1,,2,,,,,,,,,,,,,,,,1,,,,,,,,,,,,,,,,,,,,1,,,,,,,,,,1,,1,1,,f,1,2,1,1,,,1,1,1,,,suicide,,,,,1,,1,,,,1,,forced
f,83,"Lamb, Caroline",GLENARVON,1816,,,,,1,,1,male,1,,,,,,,,1,1,1,,,,,1,1,,extra,,,,,,1,,,,1,1,,,emotional,1,,,1,speech,,1,1,,,,,,1,,,,,,1,2,1,1,both,2,,,1,,,,,1,,,,,,,1,1,,m,1,1,1,,1,,,1,,,,,,,,,,,,,,,,,,,,,,,,1,1,,,1,1,,f,,,,,,1,1,1,1,,,suicide,,,,1,1,,1,,,,1,,forced
f,84,"Lamb, Caroline",GRAHAM HAMILTON,1822,,,,,,,,,,,,,,,,,,,,,,,,1,,1,legal,,,,,,,,,,,,,,,,,,,,,1,,,,,,,1,,,,,,,1,1,,female,,,,,,,,,1,,,,,,,,,,,,,1,,,,,,,,,,,,,,,,,,,,,,,,,,,,,,1,,,,,,,,,,,,1,,,,,,,,,,,,,,,,,,,
m,85,"Lathom, Francis",ASTONISHMENT!!! A ROMANCE OF A CENTURY AGO,1802,,,,,1,,1,male,,,,,,,,,,,,,,,,1,1,,extra,,,,,,,,,,1,1,,,emotional,,,,,,,1,1,1,1,,,drunkenness,,,,,,,,,,,,1,,,,,,1,,,1,,1,almost,1,,1,,1,f,,,,,1,,,,,,,,,1,,,,,,,,1,,,,,,,,,,1,,1,1,1,1,,f,,1,,1,,,,1,1,,,suicide,,1,,,,,1,,,,1,,forced
m,86,"Lathom, Francis","ITALIAN MYSTERIES, OR, MORE SECRETS THAN ONE. A ROMANCE",1820,,,,,2,1,1,both,,,,1,,1,scar,,1,,,,,,,1,1,,extra,,,,,,1,,,,,,,,,1,,,1,speech,1,,1,2,1,1,,drunkenness and gaming,1,1,,,,,,2,1,1,both,,1,,,,,,,1,,,,,,,1,,1,f,,1,1,,,,,,,,,,,,,2,,,,,,,,,,,,,,,,1,,,,1,1,,f,,,,,,,1,,,,,,,1,1,,,1,2,,1,,,1,clandestine and interrupted
m,87,"Lathom, Francis","THE MIDNIGHT BELL. A GERMAN STORY, FOUNDED ON INCIDENTS IN REAL LIFE",1798,,,,,1,1,,female,,1,1,,,,,,,,,,,,,1,1,,extra,1,1,,haven,,,,,,,,,,,,,,,,,,1,1,,1,,gaming,1,,,,,,1,,,,,,,1,,,1,1,,,1,,1,almost,,,,,,,,,,,1,,,,1,,,,,,,,1,,,,,,,,,,,,,,,1,,,,,,,,1,,,,,,,1,,,1,fake,1,,1,,,,1,,,,1,,forced
m,88,"Lathom, Francis","THE MYSTERIOUS FREEBOOTER, OR, THE DAYS OF QUEEN BESS. A ROMANCE",1806,,,,,1,1,,female,,,,,,,,,,,1,,,,,1,1,,extra,,,,,,1,,,,,,,,,,,,,,,,,,,,,,,,,,,,,,,,,1,1,,,,,,,,1,,1,almost,,1,,,,,,,1,,2,,,,,,1,,,1,,,,,,,,1,,,,,,1,1,,rape,,,,,,,,,,1,1,,,,1,1,1,,,suicide,,,1,,,,2,,1,,,1,clandestine and interrupted
m,89,"Lathom, Francis",MYSTERY. A NOVEL,1800,,,,,,,,,,,,,,,,,,,,,,,,,,,,,,,,,1,,,,,,,,,,,,,,,,,,,,,,,,,,,,,,,,,,,,,,,,1,,1,,1,almost,,,,,,,1,,,,,,,,,,,,,,,,,,,,,1,,,,,,,,,,,,,1,1,,1,m,,,,,,,,2,1,1,,suicide and attempt,,,1,,,,,,,,,,
m,90,"Lathom, Francis","THE UNKNOWN, OR, THE NORTHERN GALLERY. A ROMANCE",1808,,,,,1,,1,male,,1,,1,,1,scar,,1,,,,,,,1,1,,extra,,,,,,1,,,,1,1,,,emotional,,,,,,,,1,,,,,,,1,1,1,,successful,,2,1,1,both,,,1,1,,,,1,,1,,1,almost,,,,,,,1,,1,,1,,,,,1,,,,,,,,,,,1,,,,,,,,,,,1,,,1,,,,,,,,,,,1,,,,,,,,,,1,,,,,,,,
m,91,"Lathy, Thomas Pike","THE INVISIBLE ENEMY, OR, THE MINES OF WIELITSKA. A POLISH LEGENDARY ROMANCE",1806,,,,,2,1,1,both,,1,1,,,,,,,,,,,,,,,,,,,,,1,,,,,,,,,,,,,,,,,,,,,,,,1,,,,,,,,,,,1,,,,,,,,,,,,1,,,,,,,,,,,,,,,,,,,,,,,,,,,1,,,,,,1,,1,attempted rape,1,,,,,,,,,,,,,,,1,,1,,attempt,,1,,,,,,,,,,,
f,92,"Lee, Sophia","THE RECESS, OR, A TALE OF OTHER TIMES",1785,,,,,,,,,,,,,,,,,,,,1,,1,good,1,,1,legal,1,,1,prison,,1,,,,,,,,,,,,,,,,,1,1,,,drunkenness,1,,,,,,1,1,1,,female,,,,,,,,1,1,1,,1,almost,,,1,1,,m,1,,1,,,,,,,,,,,,,,,,,,1,,,,,1,,,,,,,1,,,,,,,1,,,,,,,1,1,,,suicide,,,,,,,2,,1,,,1,clandestine and interrupted
unknown,93,"Legge, F.","THE SPECTRE CHIEF, OR, THE BLOOD-STAINED BANNER. AN ANCIENT ROMANCE. With THE SPECTRE CHIEF is bound BARON FITZALLAN",1800,,,,,1,,1,male,,,,,,,,,,,,,,,,1,1,,extra,,,,,1,,,,,,,,,,,,,,,,,,,,,,,,,,,,,,,,,,,,,,1,,,,,,,,,,,,,,,,,,,1,,,,,,1,,,,,1,,,,,,,,,,,1,1,,1,attempted rape,,,,,,,,,,,,,,,,,,,,,,,,1,,,,,,,,,
m,94,"Leigh, Sir Samuel Egerton","MUNSTER ABBEY. A ROMANCE, INTERSPERSED WITH REFLECTIONS ON VIRTUE AND MORALITY",1797,,,,,,,,,,,,,,,,,1,,,1,,1,good,,,,,,,,,,,,,,,,,,,1,,,1,speech,,,,,,,,,,,,,,,,,,,,1,1,,,,,,,1,,,,,,,,,,,,,1,,,,,,,,,,,,,,,,,,,,,,,,,,,,,,,,,,,,,,,,,,,1,,,,,,,,,,,,,,,,,,
m,95,"Leland, Thomas","LONGSWORD, EARL OF SALISBURY. AN HISTORICAL ROMANCE",1762,,,,,1,1,,female,,,,,,,,,,1,1,2,1,1,both,1,1,,extra,,,,,,1,,,,,,,,,,,,,,,,,1,1,,,drunkenness,,1,,,,,,1,1,,female,,1,,,,1,,1,1,,,,,,,,,,,,,,,1,,,,,,1,,,,,2,,,,,,,1,,,,,1,,1,attempted rape,,,,,1,1,,f,1,,,,,,1,1,1,,,suicide,,1,,,,,1,,,,,1,interrupted
m,96,"Lewis, Matthew",THE BRAVO OF VENICE,1805,,,,,,,,,,1,1,,,,,,,,,1,1,,,,,,,,,,,,,,,,,,,,,,,,,,,,,,,,,,,,,,,,1,,,,,,,,,,,,,1,,,,,,,,,,,,1,,,,,,,,,,,,,,,,,,,,,,,,,,,,,,,1,,,,,,,,,,,,,,,,,,,1,,,,,,,,,,,,
m,97,"Lewis, Matthew","FEUDAL TYRANTS, OR, THE COUNTS OF CARLSHEIM AND SARGANS. A ROMANCE. TAKEN FROM THE GERMAN",1806,2,1,1,both,1,1,,female,,1,,,,,,,,1,,2,1,1,both,1,1,,extra,3,1,1,both,1,,,,,,,,,,,,,,,1,1,,1,1,,,drunkenness,,1,,,,,,1,,1,male,2,1,,,,1,,,1,,,,,,,1,1,,m,1,,,,1,,,,,,,1,,,,1,,,,1,1,,,,,,,,,,,1,1,,,,,,,,,,,,1,1,,,,,,1,,,1,,1,1,,,,,1,interrupted
m,98,"Lewis, Matthew","THE ISLE OF DEVILS. AN HISTORICAL TALE, FOUNDED ON AN ANECDOTE IN THE ANNALS OF PORTUGAL",1827,,,,,,,,,,,,,,,,1,,1,,,,,,1,1,,extra,,,,,,,,,,,,,,,,,,,,,,,,,,,,,,,,,,,,,,,,,,,,,,,,,,,,,,,,,,1,,,,1,,,1,,,,,,,,,,,,,,,,,,,,1,1,,rape,,,1,,,,,,1,,,,,,1,1,1,,,suicide,,,,,,,,,,,,,
m,99,"Lewis, Matthew",THE MONK. A ROMANCE,1796,,,,,,,,,,1,1,,,,,1,,,1,1,1,,evil,2,1,1,both,2,1,1,both,2,,,,,,,,,,,,,,,1,1,1,1,1,,,drunkenness,,1,2,,2,bungled and prevented,,1,,1,male,1,1,,2,,,,1,1,1,1,,actual,1,1,1,1,,m,,1,1,1,3,,1,,,1,,,1,,,1,4,2,,,1,,,1,1,,1,1,1,,rape,1,,1,,1,1,,f,,1,,1,,1,1,1,,,1,fake,,,,,,,1,,1,,,,clandestine
m,100,"Lewis, Matthew",ROMANTIC TALES,1808,,,,,,,,,,,,1,,1,scar,1,,1,,,,,,,,,,1,,,,1,1,,,,1,1,,,emotional,,,,,,1,,,,,,,,,,1,1,,successful,,2,1,1,both,3,,,,1,1,,,1,,,,,,,,,,,1,,,,1,1,,,,,,,,,,,1,1,,,,,,1,,,1,,,,,1,,,1,1,1,,f,,,,,,,,1,1,,,suicide,1,,1,,,,,,,,,,
m,101,"Lewis, Matthew",TALES OF TERROR. WITH AN INTRODUCTORY DIALOGUE,1801,,,,,1,1,,female,,,,,,,,,,,,,,,,,,,,,,,,,,,,,,,,,,,,,,,,,,1,,,1,gluttony,,,,,,,,,,,,,,,1,,,1,,,,,,,,,1,1,,m,,,,,1,,1,,,,,,,,,,1,1,,,,,,1,,,,,,,,,,1,,1,1,,f,1,,,,,,,1,1,,,suicide,,,,,,,,,,,,,
m,102,"Lewis, Matthew","THE WOOD DAEMON, OR, ""THE CLOCK HAS STRUCK""",1807,,,,,,,,,,,,1,1,,birthmark,1,,1,,,,,,,,,,,,,,,,,,,,,,,,,,,,,,1,,,,,,,,,,,,,,,,,,,1,,1,,,1,,,,,,,,,,,,,,,,1,,,,,,,,,,,,,,,,,,1,,,1,,,,,,,,,,,,,,,,,,,,,,,,,,,,1,,,,,,,,,,,
m,103,"Lucas, Charles","GWELYGORDD, OR, THE CHILD OF SIN. A TALE OF WELSH ORIGIN",1820,,,,,,,,,,,,,,,,,,,,,,,,,,,,,,,,,1,,,,,,,,,,,,,,,,,,,,,,,,,,,,,,,,,,,1,,,,,,,1,,1,almost,,,,,,,,,,,,,,,,,,,,,,,,,,,,,,,,,,,,,,,,,,,,,,,,,,,,,,,,,,,,,,,,,,,,,,
m,104,"Lucas, Charles",THE INFERNAL QUIXOTE. A TALE OF THE DAY,1801,,,,,1,1,,female,1,,,,,,,,,,,,,,,,,,,,,,,,,,,,,,,,,,,,,,,,,1,,1,,gaming,1,,1,1,,successful,,,,,,1,,,,,,,,,,,,,,,1,1,,m,,,,,,,,,,,,,,,,,,,,,,,,,,,,,,,,,,,,1,1,,f,,,,,,,,1,1,,,suicide,,1,,,,,,,,,,,
f,105,"Mackenzie, Anna Maria",THE DANISH MASSACRE. AN HISTORICAL FACT,1791,1,1,,bad,,,,,,,,,,,,,,,1,,,,,,,,,,,,,,,,,,,,,,,1,,,1,speech,,,,,,,,,,,,,,,,,,,,,,,,,,,,,,,,,,,,,,,1,,,1,,,,,,,,,,,,,,,,1,,,1,,,,,,,,,,,,,,,,,,,,,,,1,,,,,,,,,,,,,,,,,,
f,106,"Mackenzie, Anna Maria","THE IRISH GUARDIAN, OR, ERRORS OF ECCENTRICITY",1809,,,,,,,,,,,,,,,,,,,,,,,,1,1,,extra,,,,,,1,,,,1,1,,,emotional,,,,,,,,1,,,,,,,,,,,,,1,1,,female,,,,,,,,,,1,,1,almost,1,,,,,,1,,1,,,,,,,,,,,,,,,,,,,,,,,,,,,,,1,,,,,,,,1,,,,,,,,,,,,1,,,,,,,,,,,,
m,107,"Maturin, Charles Robert",THE ALBIGENSES. A ROMANCE,1824,,,,,1,1,,female,,1,1,1,1,,birthmark,2,,1,,1,1,,evil,1,1,,extra,,,,,1,,,,,,,,,,,,,,,1,1,,1,,,1,gluttony,,1,,,,,,1,,1,male,1,2,,1,,,1,,,,,,,,,,,,,,,,,1,,1,,,,,,,,,,,,,,,,,1,,,1,1,,1,attempted rape,1,,,,,,,,,,,,,,,1,1,,,suicide,,1,,,1,,,,,,,,
m,108,"Maturin, Charles Robert","FATAL REVENGE, OR, THE FAMILY OF MONTORIO. A ROMANCE",1807,1,1,,bad,,,,,,1,,,,,,2,,1,,1,1,,evil,1,1,,extra,,,,,1,1,,,,,,,,,1,,,1,speech,1,1,,1,,1,,gaming,,,,,,,,1,1,,female,1,,,1,,,,,,,,,,1,,2,1,1,both,,1,1,,1,,,,,,1,,,,,,1,,,,1,,,,1,,,,,,,1,,,,,,,,1,1,1,,,,1,,,,,,,,1,,1,,1,,1,,,,clandestine
m,109,"Maturin, Charles Robert",MELMOTH THE WANDERER,1820,,,,,,,,,,1,,,,,,1,1,,1,2,1,1,both,1,1,,extra,,,,,,,,,,1,1,,,emotional,1,1,,,agonies,,,,1,1,,,drunkenness,1,1,,,,,,2,1,1,both,,2,1,,1,,1,1,1,1,,1,almost,1,,,,,,1,,1,1,2,,,1,,,1,,,,,2,,,,,1,,,,2,,,,,,,,,,,,,,,1,2,,2,,1,1,,,,,,1,,,,1,,1,,1,,,,clandestine
m,110,"Maturin, Charles Robert",THE MILESIAN CHIEF. A ROMANCE,1812,,,,,,,,,,,,,,,,,,,,1,1,,evil,,,,,,,,,1,,,,,,,,,,,,,,,,,,,,,,,,,,,,,1,,,,,,,,,,,,,,,,,,,,,,,,1,,,,,,,,,,,,,,,,,,,,,,,,,,,,,,,,,,,,,,,,,,,,,,1,1,,,suicide,,1,,,,,,,,,,,
m,111,"Maturin, Charles Robert",THE WILD IRISH BOY,1808,,,,,,,,,,,1,,,,,,,,,1,,1,good,1,,1,legal,,,,,1,,,,,,,,,,,,,,,,,1,3,1,1,1,all three,1,,,,,,,1,1,,female,,,,,,,,1,1,,,,,,,1,,1,f,,,,,,,,,,,,,,,,1,,,,1,,,,,,,,,,,,,,,,,,,,,,,,,,,1,,,1,fake,,,,,,,,,,,,,
f,112,"Meeke, Mary","COUNT ST. BLANCHARD, OR, THE PREJUDICED JUDGE. A NOVEL",1795,1,1,,bad,2,1,1,both,,,,1,1,,birthmark,,,,,,,,,1,1,,extra,1,1,,haven,,,,,,,,,,,1,,,1,speech,,,,1,1,,,drunkenness,,1,1,1,,successful,,2,1,1,both,,,,,,1,,,1,,,,,,,,,,,,,,,,,,,,,,,,,,,,,,1,,,,,,,,,,,,,1,,,,,,,,,,,,,,,,,,,,,,,,,1,,1,,,,clandestine
f,113,"Meeke, Mary",MIDNIGHT WEDDINGS. A NOVEL,1802,,,,,1,,1,male,,,1,1,1,,birthmark,,,,1,,,,,,,,,,,,,,,,,,,,,,,,,,,,,,,,,,,,,,,,,,,,,,,,,,,,,,1,,1,,1,almost,,,1,,1,f,,1,1,,,,,,,,,,,,,,,,,,,,,,,,,,,,,,,,,,,,,,,,,,,,,,,,,,,,,,,,,,,,,
f,114,"Meeke, Mary","THERE IS A SECRET, FIND IT OUT!",1808,,,,,,,,,1,,,,,,,,,,,,,,,1,,1,legal,,,,,,,,,,2,1,,1,emotional and sad,2,1,,1,agonies and speech,,,,2,1,1,,drunkenness and gaming,1,,,,,,,1,,1,male,,1,,,,,,1,1,,,,,,,1,,1,f,,,,,,,,,,,,,,,,,,,,,,,,,,,,,,,,1,,,,1,1,,f,,,,,,,,,,,,,,,,,,,1,,1,,,,clandestine
f,115,"Meeke, Mary","THE VEILED PROTECTRESS, OR, THE MYSTERIOUS MOTHER. A NOVEL",1819,,,,,,,,,,,,,,,,,,,,,,,,,,,,,,,,,,,,,,,,,,,,,,,,,,1,1,,,drunkenness,,,,,,,,,,,,,,,,,,,1,,,,,,,,,,,,,,,,,,,,,,,,,,,,,,,,,,,,,,,,,,,1,,,,1,1,,f,,,,,,,,,,,,,,,,,,,1,,,1,,,counterfeit
unknown,116,unsigned,"THE MIDNIGHT GROAN, OR, THE SPECTRE OF THE CHAPEL",1808,,,,,1,1,,female,,,,,,,,2,,,,,,,,,,,,,,,,,,,,,1,1,,,emotional,,,,,,,,,,,,,,,1,,,,,,1,1,,female,,,,,1,,,1,,1,,1,almost,,,,,,,,,,,1,1,,,,,,,,,,,,,,,,,,,,,1,,,,,,,,1,,,,,,,,,,,1,1,1,,,suicide,1,,,,,,3,,1,,1,1,"clandestine, forced, and interrupted"
m,117,"Montague, Edward",THE DEMON OF SICILY,1807,,,,,1,1,,female,,,,,,,,,,,,,,,,,,,,2,1,1,both,,,,,,,,,,,,,,,,,1,,,,,,,,,,,,,,,,,,,,,,,1,,1,,,,,,1,,,,,,,,,,,,,,,,,,,,,1,2,1,,,,1,,,,,,,,,,,,1,,,,,,,,,,,,,1,1,,,suicide,,,,,,,1,,,,,1,interrupted
m,118,"Moore, George",GRASVILLE ABBEY. A ROMANCE,1797,,,,,,,,,,1,,,,,,1,,1,,,,,,1,1,,extra,2,,1,prison,,,,,,,,,,,1,1,,,agonies,1,,,1,,1,,gaming,,,,,,,,1,1,,female,,1,,,,1,1,,1,,,,,,,,,,,,,1,,,,,,,,,,,,,,,,,,,,,1,,,,,,,,,,,,,,,,,,,,,,,,,,,,,,,,,1,,,,,,,
m,119,"Moore, George","THEODOSIUS DE ZULVIN, THE MONK OF MADRID. A SPANISH TALE, DELINEATING VARIOUS TRAITS OF THE HUMAN MIND",1802,2,1,1,both,1,1,,female,1,1,1,,,,,,1,,,1,1,,evil,1,1,,extra,1,,1,prison,2,,,,,1,1,,,emotional,1,1,,,agonies,1,1,1,2,1,1,,drunkenness and gaming,,1,,,,,1,2,1,1,both,,1,,,,,,,1,,,,,,2,2,1,1,both,1,1,1,,3,1,,,,,1,,,1,,,,,,,1,,1,1,,,1,1,,1,attempted rape,,,,1,2,1,1,both,1,,,,,1,1,1,1,,,suicide,,,,,1,,1,,1,,,,clandestine
m,120,"Moore, John","ZELUCO. VARIOUS VIEWS OF HUMAN NATURE, TAKEN FROM LIFE, AND MANNERS, FOREIGN AND DOMESTIC",1789,,,,,,,,,1,,,,,,,,,,1,,,,,1,1,,extra,1,1,,haven,,1,,,,2,1,,1,emotional and sad,,,,,,,,,1,,1,,gaming,1,,,,,,,1,1,,female,,,1,,,,1,1,,1,,1,almost,,,,,,,1,,,,2,1,,1,,,,,,,,,,,,,,,,,1,,,,,,,,,,,1,1,,f,,,,,,,,,,,,,,,,1,,,1,,1,,,,clandestine
m,121,"Moore, Thomas",THE EPICUREAN. A TALE,1827,,,,,,,,,,,,,,,,,,,,,,,,1,1,,extra,,,,,,,,,,,,,,,,,,,,1,1,,,,,,,,,,,,,,,,,,1,2,,,,,,,,,,,,,,,,,,,,,,,,,,,,,,,,,,,,,,1,,,,,,,,,,,,,,,,,,,,1,1,,,,,,,,,,,,,,,,,,,,,,
m,122,"Palmer, John, Jr.",THE HAUNTED CAVERN. A CALEDONIAN TALE,1796,1,1,,bad,1,1,,female,1,,,,,,,,,1,,,,,,1,1,,extra,1,,,,,,,,,1,1,,,emotional,,,,,,1,,,,,,,,,1,1,1,,successful,,1,1,,female,,,,,,1,,,1,,,,,,,,,,,,,,,,,,,,,,,,,,,,,,,,,1,,,,,,,,,1,,,,,,,,,1,1,,,,1,,,,,,,,1,,1,,2,,,,1,1,forced and interrupted
m,123,"Palmer, John, Jr.",THE MYSTERY OF THE BLACK TOWER. A ROMANCE,1796,,,,,2,1,1,both,,,,,,,,,,,,,,,,1,1,,extra,,,,,3,,,,,1,1,,,emotional,1,,,1,speech,1,,,,,,,,1,1,,,,,,,,,,1,,,,,,,,1,,,,,,,,,,,1,,1,,2,1,1,,,,,,,,,,,,,,,1,,,,,1,,,,,1,,,,,,,,,,,,,,,,,,,,,1,,1,,,,,,,,,
f,124,"Parsons, Eliza",ANECDOTES OF TWO WELL-KNOWN FAMILIES,1798,,,,,,,,,,,,,,,,,,,,,,,,,,,,,,,,,,,,,,,,,,,,,,,1,,,,,,,,,,,,,,,,,,,,,,,,,,,,,,,,,,,,,,,,1,,,,,,,,,,,,,,,,,,,,,,,,,,,,,1,,,,1,1,,f,,,,,,,,,,,,,,,,,,,,,,,,,
f,125,"Parsons, Eliza",CASTLE OF WOLFENBACH. A GERMAN STORY,1793,,,,,1,1,,female,,,,,,,,1,,,,,,,,1,1,,extra,1,1,,haven,2,,,,,,,,,,,,,,,,,1,,,,,,,,,,,,,,,,,,1,,,,,,,,1,,1,almost,,,1,,1,f,,,,,2,,1,,,,,,,1,,,,,,,,,1,,,,,,,,,1,,,1,,,,,,,,,,,1,,,,,,,,,,,,1,,,,1,,forced
f,126,"Parsons, Eliza",THE HISTORY OF MISS MEREDITH. A NOVEL,1790,,,,,,,,,,,,,,,,,,,,,,,,,,,,,,,,,,,,,1,1,,,emotional,1,1,,,agonies,,,,1,,1,,gaming,1,,,,,,,,,,,,,,,,,,,,,,,,,,1,1,,m,,1,,,,,,,,,,,,,,,,,,,,,,,,,,,,,,,,,,,,,,,,,,,,,,,,,,,,,,,,1,,1,,,,clandestine
f,127,"Parsons, Eliza",THE MYSTERIOUS WARNING. A GERMAN TALE,1796,,,,,1,1,,female,1,1,,,,,,,1,,1,1,,1,good,2,1,1,both,,,,,1,,,,,,,,,,2,,1,1,blessing and speech,,,,,,,,,1,1,,,,,,2,1,1,both,,1,1,,,,,1,1,,,,,,,,,,,1,,,,1,,1,,,,,,,,,,1,,,1,,,,,,1,,,,,,,1,,1,1,1,,f,,,,,,,,1,1,,,suicide,,,,1,1,,1,,1,,,,clandestine
f,128,"Patrick, Mrs.",MORE GHOSTS!,1798,1,,1,good,,,,,1,,1,,,,,,,,,1,,1,good,,,,,1,,1,prison,,,,,,,,,,,,,,,,1,,,1,,1,,gaming,,,1,,1,bungled,,2,1,1,both,,,,1,,,,1,1,1,,1,almost,,,,,,,1,,1,,,,,,,,,,,,,,,,,,,,,,1,,,,,,,,1,,,1,,1,m,,,,,,,,,,,,,,,,,1,1,1,,1,,,,clandestine
m,129,"Pickersgill, Joshua, Jr.",THE THREE BROTHERS. A ROMANCE,1803,,,,,2,1,1,both,,1,,1,1,,birthmark,1,,1,1,1,1,,evil,1,,1,legal,1,,1,prison,4,,,,,,,,,,,,,,,,,,2,1,,1,drunkenness and gluttony,,1,,,,,,2,1,1,both,1,,1,,,,2,1,,2,1,1,both,1,,2,1,1,both,,,1,,3,,1,1,,,1,,,,,,,,,,1,,1,,1,,1,1,1,,rape,1,1,1,1,2,1,1,both,,,,,,,1,2,1,,1,suicide and fake,1,,,1,1,,1,,,,,1,interrupted
m,130,"Polidori, John William","ERNESTUS BERCHTOLD, OR, THE MODERN OEDIPUS. A TALE",1819,,,,,,,,,,1,,,,,,,,,1,1,,1,good,2,1,1,both,,,,,3,,,,,2,1,,1,emotional and sad,1,1,,,agonies,,1,,2,1,1,,drunkenness and gaming,1,1,1,1,,successful,,2,1,1,both,,,,1,1,1,,1,1,1,1,,almost,,,2,1,1,both,,,1,,,,,,,,,,,,,,,,,1,,,,,1,,,,,,,1,1,1,,,,,,,,,,,1,1,,,,,,1,,,,,1,,,,,,,
m,131,"Polidori, John William",THE VAMPYRE. A TALE,1819,,,,,,,,,,,,,,,,,,,,,,,,,,,,,,,,,,,,,,,,,,,,,,,,,,1,,1,,gaming,,,,,,,,,,,,,,,,,,,,,,,,,,,1,1,,m,,,,,,,,,,,,,,,,,,,,,,,,,,,,,,,,,,,,1,1,,f,,,,,,,,,,,,,,,,,,,,,,,,,
f,132,"Porter, Anna Maria","ROCHE-BLANCHE, OR, THE HUNTERS OF THE PYRENEES. A ROMANCE",1822,,,,,,,,,,,,,,,,,,,,,,,,1,,1,legal,1,,,,,,,,,,,,,,,,,,,,1,,,,,,,1,,,,,,,2,1,1,both,1,,,,,,,1,,,,,,,,,,,,,1,,,,,,,,,,,,,,,,,,,,,,,,1,,,,,,,,,,,,,,,,,,,,1,,,,,,,,,,,,,,,,,,
f,133,"Radcliffe, Ann",THE CASTLES OF ATHLIN AND DUNBAYNE,1789,,,,,1,1,,female,,,,1,1,,birthmark,,1,1,,,,,,1,1,,extra,,,,,1,,,,,,,,,,,,,,,1,,,,,,,,,1,,,,,,1,1,,female,,,,,,,,,1,,,,,,,,,,,,,1,1,,,,,,,,,,,,,,,,,1,1,,,,,,,,,,,1,,,,,,,1,,,,,,1,,,,,,,,1,,,,,,,,,,
f,134,"Radcliffe, Ann","GASTON DE BLONDEVILLE, OR, THE COURT OF HENRY III. KEEPING FESTIVAL IN ARDENNE",1826,,,,,,,,,,1,,,,,,2,1,,,1,1,,evil,,,,,,,,,1,,,,,,,,,,,,,,,,,1,,,,,,,,,,,,,2,1,1,both,1,,,1,,,,,,,,,,,,,,,,,1,1,1,,,,,,,,,,,,,,,,,1,,,,2,,,,,,,,,,,,,,,,,,,,,1,,,,,,,,,,1,,1,,,,,1,interrupted
f,135,"Radcliffe, Ann","THE ITALIAN, OR, THE CONFESSIONAL OF THE BLACK PENITENTS. A ROMANCE",1797,2,1,1,both,1,1,,female,,,,,,,,1,1,,,1,1,,evil,1,1,,extra,2,,1,prison,1,,,,,,,,,,1,1,,,agonies,1,,,,,,,,,1,,,,,,2,1,1,both,,,,1,,,,,1,1,,1,almost,1,,,,,,,1,1,,1,,1,,,,,,,,,,,,,1,1,,,2,,1,,1,,1,attempted rape,,1,,1,,,,,1,,,,,,,1,1,,,suicide,1,,,1,,,1,,,,,1,interrupted
f,136,"Radcliffe, Ann",THE MYSTERIES OF UDOLPHO. A ROMANCE,1794,1,,1,good,1,1,,female,1,1,,,,,,1,,1,,,,,,2,1,1,both,,,,,3,,,,,1,,,1,sad,1,1,,,agonies,1,,,1,,1,,gaming,1,,,,,,,1,1,,female,1,1,,,1,1,1,,1,,,,,,,,,,,,,1,1,1,,,,,,,,,1,,,,,,1,1,,1,1,1,1,1,,,,,1,,,,,,,,1,,,,,,1,,,,,,1,,,,1,,,,,,,,
f,137,"Radcliffe, Ann",THE ROMANCE OF THE FOREST,1791,1,1,,bad,2,1,1,both,,,1,,,,,1,1,,,1,,1,good,2,1,1,both,,,,,,,,,,,,,,,,,,,,1,1,,1,,1,,gaming,1,,,,,,,2,1,1,both,1,,,,,,,1,1,1,,1,almost,,1,1,1,,m,,,1,,1,,1,,,,,,,,,,1,1,,,1,,,,,,,,,,,,,,,,,,,,1,1,,,,1,1,1,,,suicide,,1,,,1,,,,,,,,
f,138,"Radcliffe, Ann",A SICILIAN ROMANCE,1790,,,,,2,1,1,both,1,1,,,,,,,,1,,1,1,,evil,1,1,,extra,1,1,,haven,,,,,,,,,,,1,,,1,speech,1,,,1,1,,,drunkenness,1,1,1,,1,prevented,,1,1,,female,1,,,,,,,,,,,,,,,1,1,,m,,,1,,,,,,,,,,,,,1,,,,,1,,,,,,,1,,1,attempted rape,,,,1,,,,,1,,,,,,1,1,1,,,suicide,,,,1,,,1,1,,,,,aborted
f,139,"Radcliffe, Ann","MANFRONÉ, OR, THE ONE-HANDED MONK",1809,,,,,1,1,,female,,,,,,,,,,,,,,,,1,1,,extra,,,,,,,,,,1,,,1,sad,,,,,,1,,,1,1,,,drunkenness,,1,,,,,,1,,1,male,1,1,,1,1,,1,,,,,,,,,,,,,,,,,,,,,,,,,,,,,,,,,,,,,,,1,1,,1,attempted rape,1,,,1,,,,,,1,1,,,,,,,,,,,1,,,,,3,,1,,1,1,"clandestine, forced, and interrupted"
f,140,"Reeve, Clara","THE EXILES, OR, MEMOIRS OF THE COUNT DE CRONSTADT",1788,,,,,,,,,,,1,,,,,,1,,1,,,,,,,,,,,,,,,,,,1,,,1,sad,,,,,,,1,,,,,,,1,,,,,,,1,1,,female,,,,,,,1,,1,,,,,,,1,1,,m,,,,,,,,,,,,,,,,,,,,1,,,,,,,,1,,1,attempted rape,,,,,,,,,,,,,,,,,,,,,,,,,,,1,,1,,,,clandestine
f,141,"Reeve, Clara",THE OLD ENGLISH BARON,1777,,,,,,,,,,,,,,,,,,,,,,,,,,,,,,,,,,,,,,,,,,,,,,,,,,,,,,,,,,,,,,,,,,,,,,,,,,,,,,,,,,,,,,,,,,,,,,,,,,,,,,,,,,1,,,,,,,,,,,,,,,,,,,,,,,,,,,,,,,1,,,,,,,,,,,
f,142,"Reeve, Clara",THE SCHOOL FOR WIDOWS. A NOVEL,1791,,,,,,,,,,,,,,,,1,1,,,,,,,,,,,,,,,,1,,,,,,,,,,,,,,,,,,,,,,,,,,,,,1,1,,female,,,,,,1,1,1,,,,,,,,,,,,1,,,,,,,,,,,,,,,,,,,,,,,,1,,,,,,,,,,,,,,,,,,,,,,,,,,,,1,,,,,1,,,1,,,counterfeit
f,143,"Reeve, Clara",THE TWO MENTORS. A MODERN STORY,1783,,,,,1,1,,female,,,,,,,,,,,,,,,,,,,,,,,,,,,,,,,,,,,,,,,,,,,,,,,,,,,,,,,,,,,,,,,,,,,1,,1,almost,,,1,1,,m,,1,,,,,,,,,,,,,,,,,,,,,,,,,,,,,,1,,,,1,1,,f,,,,,,,,,,,,,,,,,,,,,,,,,
f,144,"Reeve, Sophia",THE MYSTERIOUS WANDERER,1807,,,,,1,1,,female,,,,,,,,,1,,,,,,,2,1,1,both,,,,,,,,,,1,1,,,emotional,,,,,,,,,,,,,,1,,1,1,,successful,,,,,,1,2,,,,,,,,,,,,,,,,,,1,,1,,,,,,,,,,,,,,,,,1,,,,,,,,,,,,1,,,,,,,,,,,,,,,1,,1,,attempt,,,,1,,,1,,,,1,,forced
f,145,"Robinson, Mary","VACENZA, OR, THE DANGERS OF CREDULITY",1792,,,,,,,,,,,1,,,,,,,,,,,,,,,,,1,,,,,,,,,2,1,1,,emotional and pre-nuptual,1,,,1,speech,1,,,1,,1,,gaming,1,,,,,,,1,1,,female,,,,,,,,1,1,1,,1,almost,,,1,1,,m,,,,,1,,1,,,,,,,,,,,,,1,,,,1,,,,,,,,,,,,,,,,,,,,,,,,,,,,,,,,,,,,,,,,
m,146,"Roche, John Hamilton","A SUFFOLK TALE, OR, THE PERFIDIOUS GUARDIAN",1810,,,,,,,,,,,,,,,,,,,,,,,,1,,1,legal,,,,,,,,,,2,1,,1,emotional and sad,1,1,,,agonies,,,,,,,,,,,,,,,,,,,,,,,,,,1,1,,,,,,,,,,,,1,,,,,,,,,,,,,,,,,,,,,1,,,,,,,,,,,,,,,,,,,,,,,,1,1,1,,,suicide,,,,,,,,,,,,,
f,147,"Roche, Regina Maria","BRIDAL OF DUNMORE, AND, LOST AND WON",1823,,,,,2,1,1,both,,,,,,,,,,,,,,,,,,,,,,,,,,,,,,,,,,,,,,,,,,1,,1,,gaming,,,,,,,,,,,,,,,,,,,,,,,,,,,,,,,1,,1,,,,,,,,,,,,,,,,,,,,,,,,,,,,,,,,,,,,,,,,,,,,1,1,,,suicide,,,,,1,,1,,,,1,,forced
f,148,"Roche, Regina Maria",THE CASTLE CHAPEL. A ROMANTIC TALE,1825,,,,,,,,,,,,,,,,,,,,,,,,,,,,,,,,1,,,,,1,1,,,emotional,,,,,,,,1,,,,,,,,,,,,,,,,,1,,,,,,,,,1,,1,almost,,,,,,,,,,,1,,,,,,,,,1,,,,,,,,,,,,,,,,,,,,,,,,,,,,,,,,,1,,1,,attempt,,,,,,,1,,,,1,,forced
f,149,"Roche, Regina Maria",THE CHILDREN OF THE ABBEY. A TALE,1796,1,1,,bad,,,,,,,,,,,,,,,,1,,1,good,2,1,1,both,1,1,,haven,1,,,,,2,1,,1,emotional and sad,1,1,,,agonies,,,,2,1,1,,drunkenness and gaming,1,,,,,,,2,1,1,both,1,,1,,1,,,,1,,,,,,,1,1,,m,1,,1,1,,,,,,,,,,,,,,,,1,,,,,1,,,,,,,,1,,,,,,,,,,,,,1,1,,,1,fake,,,,1,,,3,1,1,1,,,"aborted, clandestine, and counterfeit"
f,150,"Roche, Regina Maria",CLERMONT. A TALE,1798,,,,,2,1,1,both,,1,,,,,,,,1,,,,,,1,1,,extra,,,,,,,,,,1,1,,,emotional,,,,,,,,,,,,,,,,1,1,,successful,,1,1,,female,,,1,,,,,,,,,,,,,1,1,,m,,,1,,1,,1,,,,,,,,,1,,,,,,,,1,,,,,,,,1,,,,,,,,1,,,,,,1,1,1,,,suicide,,1,,,1,,,,,,,,
f,151,"Roche, Regina Maria",CONTRAST,1828,,,,,1,1,,female,,,,,,,,,,1,,,,,,1,1,,extra,,,,,,,,,,1,1,,,emotional,,,,,,1,,,,,,,,,,,,,,,1,1,,female,1,1,,,,,,,,,,,,,,1,1,,m,,,1,,,,,,,,,,,,,,,,,1,,,,,1,,,,,,,,1,,,,,,,,,,,,,1,,,,,,,,,,1,,1,,,,1,,forced
f,152,"Roche, Regina Maria","THE DISCARDED SON, OR, HAUNT OF THE BANDITTI. A TALE",1807,,,,,2,1,1,both,,1,,,,,,,,1,,,,,,1,,1,legal,,,,,,,,,,,,,,,,,,,,,,,,,,,,1,,1,1,,successful,,2,1,1,both,,1,,,,,,,,,,,,,,,,,,,,1,,,,,,,,,,,,,,,,,,,,,,,,,,,,,1,,,,1,1,,f,1,,,,,,1,,,,,,,,,,,1,1,,,,,1,interrupted
f,153,"Roche, Regina Maria",THE MAID OF THE HAMLET. A TALE,1793,,,,,,,,,,,,,,,,,,,,,,,,,,,,,,,,,,,,,,,,,,,,,,,,,,,,,,,,,,,,,,,,,,,,,,1,,,,,,,,,,,,,,,1,,,,,,,,,,,,,,,,,,,1,,,,,,,,,,,,,,,,1,1,,f,,,,,,,,,,,,,,,,,,,,,,,,,
f,154,"Roche, Regina Maria",NOCTURNAL VISIT. A TALE,1800,1,1,,bad,1,1,,female,,,,1,1,,birthmark,,1,,,,,,,1,1,,extra,1,1,,haven,1,,,,,1,,,1,sad,,,,,,1,,,,,,,,1,,1,1,,successful,,1,1,,female,,,,,,,,,,1,,1,almost,,1,2,1,1,both,1,1,1,,,,,,,,,,,,,,1,,,,,1,,,,1,,1,,1,attempted rape,1,1,,1,1,1,,f,,,,,,,1,,,,,,,,,,1,,,,,,,,
unknown,155,unsigned,THE ROMANCE OF THE APPENNINES,1808,,,,,1,1,,female,,1,,,,,,1,1,1,,,,,,1,1,,extra,,,,,,1,,,,1,1,,,emotional,,,,,,1,,1,,,,,,,1,,,,,,2,1,1,both,,,,,,,,,,,,,,1,,,,,,1,1,1,,1,,1,,,,,,,,,,,,,,1,,,1,,,,,,,,1,,,,,,,,,,,,,,,,,,,,1,,,,,,,,,,,,
f,156,"Ross, Mrs.","THE BALANCE OF COMFORT, OR, THE OLD MAID AND MARRIED WOMAN. A NOVEL",1816,,,,,,,,,,,,,,,,,,,,,,,,,,,,,,,,,,,,,,,,,,,,,,,,,,,,,,,,,,,,,,,,,,,,,,,,,,,,,,,,,,,,,,,,,,,,,,,,,,,,,,,,,,,,,,,,,,,,,,,,,,,,,,,,,,,,,,,,,,,,,,,,,,,,
f,157,"Ross, Mrs.","THE MARCHIONESS!!! OR, ""THE MATURED ENCHANTRESS""",1813,,,,,,,,,,,,,,,,,,,,,,,,,,,,,,,,,,,,,1,1,,,emotional,,,,,,,,,1,,1,,gaming,,,,,,,,,,,,,,,,,,,,,,,,,,,,,,,,,,,,,,,,,,,,,,,,,,,,,,,,,,,,,,,,,,,,,,,,,,,,,,,,,,,,,,,,,,,,,,
unknown,158,"Sarrett, H.J.","KOENIGSMARK, THE ROBBER, OR, THE TERROR OF BOHEMIA",1801,,,,,,,,,,1,,,,,,1,,,,,,,,,,,,,,,,,,,,,,,,,,,,,,,,,,,,,,,,,,,,,,,,,,,,,1,,,,,,,,,,,,,,,,1,1,,,,,,,,,,,,,,,,,,,,,,,,,,,,,,,,1,,,,,,,1,1,,,,1,,,,,,1,,,,1,,,,,,,,
f,159,"Shelley, Mary",FALKNER. A NOVEL,1837,,,,,1,1,,female,,,1,,,,,,,,,,,,,1,,1,legal,,,,,,,,,,,,,,,,,,,,,,,,,,,,,,,,,,,,,,,,,,,1,,,,,,,,,,,,,,,,,,,,,,,,,,,,,,,,,,1,,,,,,,,,,,,,,,,,,,,,,,,,,1,1,,1,,attempt,,,,,,,,,,,,,
f,160,"Shelley, Mary",THE FORTUNES OF PERKIN WARBECK. A ROMANCE,1830,,,,,1,,1,male,,,,,,,,,,,,,,,,2,1,1,both,,,,,,,,,,,,,,,,,,,,,,,,,,,,,1,,,,,,,,,,,1,,,,,,,1,,,,,,,1,1,,m,,,,,,,,,,,,,,,,,,,,,,,,,,,,,,,,1,,,,,,,,,,,,,,1,,,,,,,1,,,,,,,,,,,
f,161,"Shelley, Mary","FRANKENSTEIN, OR, THE MODERN PROMETHEUS",1818,,,,,,,,,,,,,,,,,,,1,,,,,,,,,,,,,,,,,,2,1,1,,emotional and pre-nuptual,,,,,,,1,,,,,,,,,,,,,1,,,,,1,1,,,,,,,,,,,,,,,,,,,,1,,,,,,,,,,,,,,,,,1,,,,,,,1,,,,,,,,,,,,,,,,,,,1,,,,,,,,,,,,,,,,,,
f,162,"Shelley, Mary",THE LAST MAN,1826,,,,,1,1,,female,1,,,,,,,,,,1,,,,,2,1,1,both,,,,,1,1,,,,1,1,,,emotional,,,,,,,,1,1,,1,,gaming,,1,,,,,,1,1,,female,,1,1,,,,,,1,,,,,,,1,1,,m,1,,,,,,,,,,,,,,,,,,,1,,1,,,,1,,,,,,,1,,,,,,,1,,,,,1,1,1,1,,,suicide,,,,,,,,,,,,,
f,163,"Shelley, Mary",LODORE,1835,,,,,,,,,,,1,,,,,,,,,,,,,1,,1,legal,,,,,,,,,,,,,,,,,,,,,,,,,,,,,,1,1,,successful,,,,,,,,,,,,,,,,,,,,,,,,,,,,,,,,,,,,,,,,,,,,,,,,,,,,,,,,,,,,,,,,,,,,,,,,,,,,,,,,,,,,,,,,
f,164,"Shelley, Mary",MATHILDA,1819,,,,,,,,,,,,,,,,,,,,,,,,,,,,,,,,,,,,,,,,,,,,,,,,1,,,,,,,,,,,,,,,,,,,,,,,1,,,1,,,,,,,,,,,,,,,,,,,,,,,,,,,,,,,,,,,,,,,,,,,,,,,,,,,,,,,,,2,1,,1,suicide and fake,,,,,,,,,,,,,
f,165,"Shelley, Mary","VALPERGA, OR, THE LIFE AND ADVENTURES OF CASTRUCCIO, PRINCE OF LUCCA",1823,,,,,,,,,,,1,,,,,,,1,,,,,,1,,1,legal,,,,,,1,,,,1,1,,,emotional,,,,,,,1,,,,,,,,1,,,,,,1,1,,female,1,,,,,,1,,1,1,,1,almost,1,,1,1,,m,1,,,,,,,,,,,,,,,,,,,1,,1,,,,,,,,,,,,,,,,,,1,,,,,,1,,,,,,1,,,,,,,,,,,,
m,166,"Shelley, Percy","ST. IRVYNE, OR, THE ROSICRURIAN. A ROMANCE",1811,,,,,1,1,,female,,1,,,,,,,,,,,,,,,,,,,,,,,,,,,,,,,,,,,,,,,,1,,1,,gaming,,,,,,,,2,1,1,both,,,,,,,1,1,,,,,,,,,,,,,,,,,,,,,,,,,,,,,,,,,,,1,,,1,,,,,,,1,,1,1,,f,,,,,,,1,2,1,1,,suicide and attempt,,,1,1,,,,,,,,,
m,167,"Shelley, Percy",ZASTROZZI. A ROMANCE,1810,,,,,,,,,,,,,,,,,,1,,,,,,1,1,,extra,,,,,1,,,,,,,,,,,,,,,,,,,,,,,,1,,,,,1,,,,,,,,,,,,1,,,,,,1,,,,,,,,,,1,,,,,,1,,,,,,,,,,,,,1,,,,,,,,,,,,1,1,,f,,,,,,,1,2,1,1,,suicide and attempt,1,,1,,,,,,,,,,
m,168,"Sickelmore, Richard",MARY JANE. A NOVEL,1800,,,,,1,1,,female,,,,,,,,,,,,,,,,1,,1,legal,,,,,1,,,,,,,,,,,,,,,1,,,2,1,1,,drunkenness and gaming,1,,,,,,,2,1,1,both,,1,,,,,,,1,,,,,,,,,,,,,1,,,,,,,,,,,,,,,,,1,,,,,,,1,1,,1,attempted rape,1,1,,,1,1,,f,1,1,,1,,,,1,1,,,suicide,,,,,,,1,,1,,,,clandestine
m,169,"Siddons, Henry",THE SON IN THE STORM. A TALE,1809,,,,,,,,,,,,,,,,,,,,,,,,,,,,,,,,,,,,,,,,,,,,,,,,,,1,,1,,gaming,,,,,,,,1,,1,male,,2,,,,,,,,,,,,,,,,,,1,,,,,,,,,,,,,,,,,,,1,,,,,,,,,,,,,,,,,,,,,,,,,,,,,,,,,,,,,,1,,1,,,,clandestine
f,170,"Sleath, Eleanor","THE NOCTURNAL MINSTREL, OR, THE SPIRIT OF THE WOOD",1810,,,,,,,,,,,,,,,,,,,1,,,,,2,1,1,both,,,,,,,,,,,,,,,,,,,,1,,1,1,1,,,drunkenness,,,,,,,,1,1,,female,,,,,,,,,,,,,,,,,,,,,,,1,,,,,,,,,,,,,1,,,,1,1,,,,,,,,,,,,,1,,,,,1,1,,1,,,,,,,,,,,,1,1,,,,,,,,
f,171,"Sleath, Eleanor",THE ORPHAN OF THE RHINE. A ROMANCE,1798,1,,1,good,1,1,,female,1,,,,,,,,,,,,,,,1,1,,extra,1,1,,haven,,,,,,,,,,,,,,,,,,,1,,1,,gaming,,,1,1,,successful,,,,,,,,,,,1,,1,1,1,,1,almost,1,,,,,,,,1,,,,,,,,,,,,,,,,,,,,,,,,,,,,,1,,,,,,,,,,,,,,,,,,,,,,,,,,1,,,1,,,counterfeit
f,172,"Sleath, Eleanor",PYRENEAN BANDITTI. A ROMANCE,1811,,,,,2,1,1,both,,1,,,,,,,1,,,,,,,2,1,1,both,,,,,,,,,,,,,,,,,,,,1,,,1,,1,,gaming,,,,,,,,1,1,,female,,,,,,,,,,,,,,,,1,,1,f,1,,1,,,,,,,,,,,,,,,,,1,1,,,1,,,,,,,,,1,,,,,,,,,,,,,1,,,,,,,,,,1,,,,,,,,
f,173,"Sleath, Eleanor","WHO'S THE MURDERER? OR, THE MYSTERY OF THE FOREST",1802,,,,,,,,,,,,,,,,1,,,,,,,,,,,,1,,,,1,,,,,,,,,,,,,,,,,,1,,1,,gaming,,,,,,,,1,1,,female,,1,,,,,,,,,,,,1,,,,,,,,1,,,,,,,,,,,,,,,,,,,,,,,,,,,,,1,,,,,,,,,,,,,,1,,,,,,1,,,,,,,,,,,,
f,174,"Smith, Catharine","BAROZZI, OR, THE VENETIAN SORCERESS. A ROMANCE OF THE SIXTEENTH CENTURY",1815,,,,,,,,,,1,1,,,,,,1,,1,,,,,1,1,,extra,,,,,,,,,,2,1,,1,emotional and sad,,,,,,1,,1,1,,1,,gaming,,,1,,1,bungled,1,2,1,1,both,,1,,,,,1,,1,,,,,1,2,1,1,,m,1,1,,,1,,1,,,,,,,,,,,,,,,1,1,,,,,,,,,1,,,,1,1,,f,,,,,,,1,1,1,,,suicide,1,1,,,1,,1,,1,,,,clandestine
f,175,"Smith, Charlotte",MARCHMONT. A NOVEL,1796,,,,,,,,,,,1,,,,,,,,1,,,,,,,,,,,,,,,,,,1,1,,,emotional,,,,,,,,,1,1,,,drunkenness,,,,,,,,1,1,,female,,,,,,,,,1,,,,,,,1,1,,m,1,1,,,,,,,,,,,,,,,,,,,,,,,,,,,,,,,1,,,,,,,1,,,,,,1,,,,,,,,,,,,,,,,,,
f,176,"Smith, Charlotte",THE WANDERINGS OF WARWICK. A NOVEL,1794,,,,,,,,,,,,,,,,,,,,,,,,,,,,1,,1,prison,,,,,,,,,,,,,,,,,,,1,,1,,gaming,1,,,,,,,,,,,,,1,,,,,,,,,,,,,,,,,,,,,,,,,,,,,,,,,,,,,,,1,,,,,,,,,,,,,,,,,1,,,,,,,,,,,,,,,,,,,,,,,,
m,177,"Smollett, Tobias",THE ADVENTURES OF FERDINAND COUNT FATHOM,1753,,,,,,,,,1,1,,,,,,,,,,,,,,1,,1,legal,,,,,3,,,,,,,,,,,,,,,,,,2,1,1,,drunkenness and gaming,1,1,1,,1,prevented,,2,1,1,both,,,,1,,,,1,1,,,,,,1,1,,1,f,1,1,,1,1,1,,,,,,,,1,,,,,,1,,,,,,,,1,,1,attempted rape,,1,,,1,1,,f,,,,,,,1,1,1,,,suicide,,,1,,,,,,,,,,
f,178,"Stanhope, Louisa Sidney",THE CONFESSIONAL OF VALOMBRE. A ROMANCE,1812,,,,,1,1,,female,,1,,,,,,,,1,,,,,,1,1,,extra,,,,,,,,,,,,,,,,,,,,,,,,,,,,,1,,,,,,1,1,,female,2,,,1,,,,,,,,,,,,,,,,,,1,,1,,,,,,,,,,,1,,,,,,,,,,,,,,,,1,,,,,,,,,,,,,,,1,1,,,suicide,,1,,,1,,1,,,,,1,interrupted
f,179,"Stanhope, Louisa Sidney",THE CORSAIR'S BRIDE. A LEGEND OF THE SIXTEENTH CENTURY,1830,,,,,1,1,,female,,,,,,,,,,,,1,1,,evil,,,,,,,,,,,,,,,,,,,,,,,,,,,,,,,,,,,,,,1,,,,,,,,,,1,,,,,,,,,,,,,,,,,,,,,,,,,,,,,,,,,,,,1,,,,,,,,,1,,,,,,,,1,,,,,,,,,,,,,,,,,,1,,,,1,,forced
f,180,"Stanhope, Louisa Sidney","DI MONTRANZO, OR, THE NOVICE OF CORPUS DOMINI. A ROMANCE",1810,,,,,,,,,,1,,,,,,,,,1,2,1,1,both,1,1,,extra,,,,,,1,,,,1,,,1,sad,,,,,,,1,,1,1,,,drunkenness,,1,,,,,,1,,1,male,,,,,,,,,1,,,,,1,,1,1,,m,1,,1,,1,,1,,,,,,,,,2,,,,,,,,1,,,,,,,,,,,1,,,,,,,,,,,1,1,1,,,suicide,1,1,1,,,,1,,1,,,,clandestine
f,181,"Stanhope, Louisa Sidney",MADELINA. A TALE FOUNDED ON FACTS,1814,,,,,,,,,,,,,,,,,,,,,,,,,,,,,,,,,,,,,1,,1,,pre-nuptual,,,,,,,,,,,,,,,,,,,,,,,,,,,,,,,,,,,,,,,,,,,,1,,,,,,,,,,,,,,,,,,,1,,,,,,,,,,,,,,,,1,1,,f,,,,,,,,,,,,,,,,,1,,1,,,,1,,forced
f,182,"Stanhope, Louisa Sidney","MONTBRASIL ABBEY, OR, MATERNAL TRAITS. A TALE",1806,,,,,,,,,1,,1,,,,,,,,1,,,,,,,,,,,,,,,,,,1,1,,,emotional,,,,,,,,,1,,1,,gaming,1,,1,1,,successful,,2,1,1,both,,,,,,,,,1,,,,,,,,,,,,1,,,,,,,,,,,,,,,,,,,,,,,,,,,,,,,,,,1,1,,f,,,,,,,1,,,,,,,,,,,,,,,,,,
f,183,"Stanhope, Louisa Sidney",THE NUN OF SANTA MARIA DI TINDARO. A TALE,1818,,,,,,,,,,,,,,,,,,,,,,,,2,1,1,both,1,1,,haven,,1,,,,1,1,,,emotional,,,,,,,1,,,,,,,,,1,,1,bungled,,1,1,,female,,,,,,,,,1,,,,,,,,,,,,,1,,,,,,,,,,,,,,,,,1,,,,,,,,,,,,1,,,,,,,,,,,,,,,,,,,,,,,,,,2,,1,1,,,clandestine and counterfeit
f,184,"Stanhope, Louisa Sidney",THE SIEGE OF KENILWORTH. AN HISTORICAL ROMANCE,1824,,,,,1,,1,male,,,,,,,,,,,1,,,,,,,,,1,,,,,,,,,1,,1,,pre-nuptual,,,,,,,,,,,,,,,,,,,,,,,,,1,,,,,,,,,,,,,,,,,,,,,,,,,,,,,,,,,,,1,1,,,,,,,,,,,,,,,,,,,,,,,,,,,,,,,,,,,,,1,1,1,,,,,,,
f,185,"Stanhope, Louisa Sidney","TREACHERY, OR, THE GRAVE OF ANTOINETTE",1815,,,,,,,,,,,,1,1,,birthmark,,1,,,1,1,,evil,1,1,,extra,1,1,,haven,,,,,,,,,,,,,,,,,,,,,,,,,,1,1,,successful,,,,,,1,,,,,1,,,,,,,,,,1,1,,m,,,,1,1,,,,,,,,1,,,,,,,,,,,,,,,,,,,,,,,1,1,,f,,,,,,,,,,,,,,,,,1,,1,,,,1,,forced
f,186,"Sykes, Mrs. S","MARGIANA, OR, WIDDRINGTON TOWER. A TALE OF THE FIFTEENTH CENTURY",1808,,,,,,,,,,,,,,,,,1,,,,,,,1,1,,extra,,,,,,1,,,,1,1,,,emotional,,,,,,1,,1,,,,,,,,,,,,,,,,,,,,,,,,,,1,,1,almost,,,,,,,,1,,,1,,1,,,,,,,,,,,,,,,,,,,,,,,,,1,,,,,,,,,,,,,1,,1,1,,,suicide,1,1,,,,,1,,1,,,,clandestine
unknown,187,unsigned,TALES OF THE DEAD,1813,,,,,1,,1,male,,,,1,1,,birthmark,1,,1,1,,,,,1,,1,legal,,,,,1,,,,,,,,,,,,,,,,,,1,,1,,gaming,1,,,,,,,2,1,1,both,,,1,3,,,,,1,,,,,,,,,,,1,1,,,1,,,,,,1,,,,,,,,,,,,,1,5,,,,,,,,,,,,,,,,2,,2,,,1,,,,,,,,,,1,1,1,,,,,1,interrupted
unknown,188,unsigned,THE THREE GHOSTS OF THE FOREST. A TALE OF HORROR. AN ORIGINAL ROMANCE,1803,,,,,1,1,,female,,,,,,,,,,,,,,,,1,1,,extra,,,,,,,,,,,,,,,,,,,,,,,1,,1,,gaming,,,,,,,,1,1,,female,,,,2,,,,,1,,,,,,,1,1,,m,,,,,1,,,,1,,,,,,,,,,,,,,,,,1,,,,,,,,,,,,,,,,,,,,1,,,,,,,,,1,,,,,,,,,
f,189,"Tomlins, Elizabeth Sophia",ROSALIND DE TRACY,1798,,,,,,,,,,,,,,,,,,,,,,,,,,,,,,,,,,,,,1,1,,,emotional,,,,,,,,,1,1,,,drunkenness,,,,,,,,1,1,,female,,,,,,,,,,1,,1,almost,,,,,,,1,,1,,,,,,,,,,,,,,,,,1,1,,,,,,,,,,,,,,,1,1,,f,,,,,,,1,,,,,,,,,,,,,,,,,,
m,190,"Walker, George",DON RAPHAEL. A ROMANCE,1803,,,,,2,1,1,both,1,,,,,,,,,,,,,,,1,1,,extra,,,,,,,,,,,,,,,,,,,,1,1,1,1,,1,,gaming,1,,,,,,,1,1,,female,1,1,,,,,,,,1,,1,almost,,,,,,,,,,,,,,,,,,,,,,1,,,,,,,,1,,,,,,,,,,,,,,,,,,,,,,1,1,1,,,suicide,,,,,,,,,,,,,
m,191,"Walker, George",THE HAUNTED CASTLE. A NORMAN ROMANCE,1794,,,,,,,,,,,,,,,,,,,,,,,,1,1,,extra,,,,,2,,,,,1,1,,,emotional,,,,,,1,,,1,1,,,drunkenness,1,1,,,,,,1,1,,female,,,,1,,1,,,1,1,,1,almost,,,,,,,1,,1,,1,,1,,,,,,,,,2,,,,1,1,,,,1,,,1,1,,rape,1,,,,,,,,,1,1,,,,1,,,,,,,,,,,,,,,,,,
m,192,"Walker, George","THEODORE CYPHON, OR, THE BENEVOLENT JEW",1796,,,,,1,1,,female,1,,,,,,,,,,,,,,,2,1,1,both,,,,,,,,,,,,,,,,,,,,,,1,,,,,,,,,,,,1,,,,,,,,,,,,,,1,,1,almost,,,1,,1,f,,,1,,,,,,,,,,,,,,,,,,,,,,,,,1,1,,rape,,,,,,,,,,,,,,,1,1,1,,,suicide,,,,,,,,,,,,,
m,193,"Walpole, Horace",THE CASTLE OF OTRANTO,1764,,,,,,,,,,,,1,1,,birthmark,,,1,,,,,,,,,,,,,,1,,,,,3,1,1,1,all,1,,,1,speech,1,1,,,,,,,1,,,,,,,1,1,,female,,,,1,,1,,,,1,,1,almost,,,,,,,,,,,1,1,,,,,,,,,,1,,,,,1,1,1,1,2,,,,,,,1,,,,,,,,,1,1,,,,1,,,,,,,1,,,,,1,,1,,,,clandestine
m,194,"Warner, Richard",NETLEY ABBEY. A GOTHIC STORY,1795,,,,,2,1,1,both,,,,,,,,,,,,,,,,1,1,,extra,,,,,,1,,,,,,,,,,,,,,,1,,1,1,,,drunkenness,,,,,,,,,,,,,,,2,,,,,,,,,,,,,,,,,,,,,,,,,,,,,,,1,,,,,,,,1,,,,,,,,,,,,,,,,,,,,,1,,,,,,,,1,,,,,,,,,,,
f,195,"West, Jane","THE ADVANTAGES OF EDUCATION, OR, THE HISTORY OF MARIA WILLIAMS. A TALE FOR MISSES AND THEIR MAMMAS",1793,,,,,,,,,,,,,,,,,,,,,,,,,,,,,,,,1,,,,,,,,,,1,1,,,agonies,,,,,,,,,,,,,,,,1,1,,female,,,,,,,,,,,,,,,,,,,,,,,,,,,,,,,,,,,,,,,,,,,,,,,,,,,,,,,,,,,,,,,,,,1,1,,,suicide,,,,,,,,,,,,,
f,196,"West, Jane",THE REFUSAL. A NOVEL,1810,,,,,,,,,,,,,,,,,,,,,,,,,,,,,,,,,,,,,,,,,,,,,,,,,,,,,,,1,,,,,,,,,,,,,,,,,,,,,,,,,,,,,,,,1,,,,,,,,,,,,,,,,,,,,,,,,,,,,,,,,,,,,,,,,,,,,,,,,,,,,1,,,,,,,,,
f,197,"West, Jane","RINGROVE, OR, OLD FASHIONED NOTIONS",1827,,,,,,,,,,,,,,,,,,,1,,,,,,,,,,,,,,,,,,,,,,,,,,,,,,,,,,,,,,,,,,,,,,,,,,,,,,,,,,,,,,,,,,,,,,,,,,,,,,,,,,,,,,,,,,,,,,,,,,,,,,,,,,,,,,,,,,,,,,,,,,,,,,,,,
f,198,"Wilkinson, Sarah","THE KNIGHTS OF CALATRAVA, OR, DAYS OF CHIVALRY",1804,,,,,,,,,,,,,,,,,1,,,,,,,,,,,,,,,,,,,,,,,,,,,,,,,,,,,,,,,,,,,,,,,,,,,,,,,,,,,,,,,,,,,,,,,,,,,,,,,,,,,,,,,,,,,,,,,,,,,,,,,,,,,,,,,,,,,,,,,,,,,,,1,,,1,,,counterfeit
f,199,"Wilkinson, Sarah","THE SPECTRE OF LANMERE ABBEY, OR, THE MYSTERY OF THE BLUE AND SILVER BAG",1820,,,,,1,1,,female,1,,,,,,,,,,1,,,,,1,1,,extra,,,,,,,,,,2,1,1,,emotional and pre-nuptual,1,,,1,speech,1,,,1,,1,,gaming,,,1,1,,successful,,1,1,,female,2,,,1,,,,,1,,,,,,,,,,,1,,1,,,,,,,,,,,,,,,,,,,,,,,,,,,,,1,,,,,,,,,,,,,,,2,1,1,,suicide and attempt,,,,,,,2,1,1,,,,aborted and clandestine
f,200,"Wilkinson, Sarah","THE SPECTRES, OR, LORD OSWALD AND LADY ROSA &C",n.d.,,,,,1,1,,female,,,,,,,,,1,,,,,,,1,1,,extra,1,,,,,,,,,,,,,,,,,,,1,,,,,,,,,1,,,,,,,,,,,,,1,,,,,,1,,1,almost,,,,,,,,,,,1,,1,,,,,,,,,,,,,,,,,1,,,,1,,1,attempted rape,1,,,,,,,,,,,,,,1,,,,,,,1,,,,,,,,,,,
f,201,"Wilkinson, Sarah","THE WATER SPECTRE, OR, AN BRTACH",1805,,,,,1,,1,male,,,,1,1,,birthmark,,,1,1,,,,,,,,,,,,,,,,,,,,,,,,,,,,,,,1,1,,,drunkenness,,1,,,,,,1,,1,male,,,,1,,,,,,,,,,,,,,,,,,1,,,,,,,,,,,,,,,,,1,1,1,,,,,,,,,,,,,,,,,,,,,,,,1,,,,,,,1,,,,,,,,,,,
f,202,"Wilkinson, Sarah","ZITTAW THE CRUEL, OR, THE WOODMAN'S DAUGHTER. A POLISH ROMANCE",n.d.,,,,,1,1,,female,,,,,,,,,,,,,,,,1,1,,extra,,,,,,,,,,,,,,,,,,,,,,1,1,1,,,drunkenness,,,,,,,,,,,,,,,1,,,,,,,,,,,,,,,,,,,,,,,,,,,,,,,,,,,,,,,,,,,1,1,,rape,,,,,,,,,,,,,,,,,,,,,,,,,,,,,,,,,
f,203,"Williams, Helen Maria","JULIA. A NOVEL, INTERSPERSED WITH SOME POETICAL PIECES",1790,,,,,,,,,,,,,,,,1,,,,,,,,,,,,,,,,,,,,,2,,1,1,pre-nuptual and sad,1,1,,,agonies,,1,,,,,,,,,,,,,,1,,1,male,,,,,,,,,,,,,,,,,,,,,,,,,,,,,,,,,,,,,,,,,,,,,,,,,,,,,,,,,,,,,,,,,,,,,,,,,,,,,,,,,,,
m,204,"Williams, William Frederick",FITZMAURICE,1800,,,,,,,,,,1,,,,,,,1,,,1,1,,evil,2,1,1,both,,,,,1,,,,,2,,1,1,pre-nuptual and sad,1,1,,,agonies,,,,1,1,,,drunkenness,,,1,1,,successful,,2,1,1,both,,,,,,,,,1,,,,,,1,1,,1,f,1,,1,,,,,,,,,,,,,,,,,,,,,,,,,,,,,1,,,,1,1,,f,,,,,,,,2,1,,1,suicide and fake,,,,,,,,,,,,,
m,205,"Williams, William Frederick",THE WORLD WE LIVE IN. A NOVEL,1804,,,,,,,,,,,,,,,,,1,,,1,,1,good,,,,,,,,,1,,,,,,,,,,,,,,,,,,,,,,,1,,,,,,,,,,,,,,,,,,1,,,,,,,,,,,,1,1,,,,,,,,,,,,,,,,,,,,,,,,,,,,,,,,1,,,,,,,1,1,,,,1,1,1,,,suicide,,,,,,,,,,,,,
f,206,"Yorke, Mrs. R. M. P.","THE HAUNTED PALACE, OR, THE HORRORS OF VENTOLIENE. A ROMANCE.",1801,,,,,,,,,1,,,,,,,1,,,,,,,,,,,,,,,,1,,,,,,,,,,1,1,,,agonies,,,,1,,1,,gaming,,,,,,,,,,,,1,1,,3,,1,1,,1,,,,,,1,1,,1,f,,1,1,1,2,,,,,,1,,1,,,,,,,,,1,1,2,,,,,,,,,,,1,,,,,,1,1,,,,1,1,1,,,suicide,1,,,1,,,,,,,,,
f,207,"Yorke, Mrs. R. M. P.","THE ROMANCE OF SMYRNA, OR, THE PREDICTIONS FULFILLED!!!",1801,,,,,1,,1,male,,,1,,,,,,,,,,,,,1,,1,legal,2,1,,haven,,,,,,3,1,1,1,all,,,,,,,,1,1,1,,,drunkenness,1,,,,,,,2,1,1,both,1,1,,1,,,,,1,1,,1,almost,1,,1,1,,m,1,1,1,,1,,1,,,,,,,,,,1,,,1,1,,,,,,1,1,1,,rape,1,,,1,2,1,1,both,1,,,,,,1,1,1,,,suicide,,,,,1,1,,,,,,,
f,208,"Young, Mary Julia","THE LAST INDIAN, OR, CLIFFORD PRIORY",1799,,,,,,,,,,,,,,,,,,,,,,,,1,,1,legal,,,,,1,,,,,,,,,,,,,,,,,,,,,,,,,,,,,,,,,,,,,,,,,,,,,,,,,,,,,,,1,,,,,,,,,,,,,,,,,,,,,,1,,,,,,,1,,,,,,,,,1,1,,,,,,,,,,,,,,,,,,,,,,