Tracy No.,Frank No.,Year-Frank,Full Gothic Type,Author-Frank,Gender-Frank,Title-Frank
,1,1805,Pure or high Gothic (terror mode),"Acton, Eugenia de",f,"THE NUNS OF THE DESERT: OR, THE WOODLAND WITCHES"
,2,1804,Gothic chapbook,unsigned,unknown,"THE AFFECTING HISTORY OF LOUISA, THE WANDERING MANIAC: OR, ""THE LADY OF THE HAY-STACK"""
,3,1803,Gothic chapbook (imitation of John Moore's ZELUCO),unsigned,unknown,"ALBANI: OR, THE MURDERER OF HIS CHILD, CONTAINING THE DIFFERENT VIEWS OF HIS CHARACTER, AS A LIBERTINE IN PALERMO, AN OFFICER IN THE SPANISH SERVICE, A PLANTER IN THE ISLAND OF CUBA, ETC"
,4,1817,Pure or high Gothic (Radcliffean imitation),unsigned,unknown,"ALEXENA: OR, THE CASTLE OF SANTA MARCO"
,5,1803,Chapbook or pulp gothic (monastic shocker),unsigned,unknown,"ALMAGRO AND CLAUDE: OR, MONASTIC MURDER EXEMPLIFIED IN THE DREADFUL DOOM OF AN UNFORTUNATE NUN"
,6,1789,Pure or high Gothic (some burlesque elements),"Andrews, Charles",m,THE SPECTRE
,7,1798,Pure or high Gothic (horror mode),unsigned,unknown,THE ANIMATED SKELETON
,8,1788,Pure or high Gothic (terror mode with elements of pseudo-history),unsigned,unknown,THE APPARITION
,9,1806,Gothified history,"Armstrong, Leslie",m,"THE ANGLO-SAXONS: OR, THE COURT OF ETHELWULPH. A ROMANCE"
,10,1795,Gothified history,unsigned,unknown,ATVILLE CASTLE: AN HISTORICAL ROMANCE
,11,1793,"Pure or high Gothic (Radcliffean imitation, terror mode)",unsigned,unknown,ASHTON PRIORY
,12,1818,Gothic Parody (caricature of various heroines),"Austen, Jane",f,NORTHANGER ABBEY
,13,1796,Pure or high Gothic (terror mode),unsigned,unknown,AUSTENBURN CASTLE
,14,1810,Chapbook Gothic (short Schauerroman),unsigned,unknown,"THE AVENGER: OR, SICILIAN VESPERS, A ROMANCE OF THE THIRTEENTH CENTURY, NOT INAPPLICABLE TO THE NINETEENTH"
,15,1792,Marginal Gothic (polemical fiction),"Bage, Robert",m,MAN AS HE IS
,16,1796,"Marginal Gothic (didactic, philosophical fiction)","Bage, Robert",m,"HERMSPRONG: OR, MAN AS HE IS NOT"
1,17,1819,Gothic Rauberroman (elements of the monastic shocker),"Ball, Edward",m,THE BLACK ROBBER. A ROMANCE
,18,1790,Gothified history (terror mode),"Ballin, Rossetta",f,THE STATUE ROOM: AN HISTORICAL ROMANCE
,19,1818,Gothic Rauberroman (elements of Radcliffean scenery),unsigned,unknown,"THE BANDIT CHIEF: OR, THE LORDS OF URVINO"
,20,1812,Serialized Gothic (sentimental and terror modes),unsigned,unknown,"THE BANDITTI OF THE FOREST: OR, THE MYSTERIOUS DAGGER. LADY'S MONTHLY MUSEUM, OR POLITE REPOSITORY OF AMUSEMENT AND INSTRUCTION"
2,21,1792,Pure or high Gothic (horror-terror modes),"Barbauld, Anna Laetitia",f,"""SIR BERTRAND. A FRAGMENT"""
,22,1803,Pure or high Gothic (reworked from French sentimental fiction),"Barnby, Mrs.",f,"KERWALD CASTLE: OR, THE MEMOIRS OF THE MARQUIS DE SOLANGES"
,23,1806,Pure or high Gothic (terror mode),unsigned,unknown,BARON DE FALKENHEIM: A TALE
,24,1803,Gothic Chapbook,"Barrett, C.F.",unknown,"DOUGLAS CASTLE: OR, THE CELL OF MYSTERY, A SCOTTISH TALE"
,25,1803,Gothic Chapbook (shilling shocker qualities),"Barrett, C.F.",unknown,"THE ROUND TOWER: OR, THE MYSTERIOUS WITNESS, AN IRISH LEGENDARY TALE OF THE SIXTH CENTURY"
,26,1813,Gothic Parody,"Barrett, Eaton Stannard",m,"THE HEROINE: OR, THE ADVENTURES OF A FAIR ROMANCE READER"
,27,1803,Gothic Chapbook (monastic shocker variety),"Barrington, George",m,"ELIZA: OR, THE UNHAPPY NUN"
,28,1810,Domestic Gothic,"Beauclerc, Amelia",f,"EVA OF CAMBRIA: OR, THE FUGITIVE DAUGHTER"
,29,1812,Sentimental Gothic,"Beauclerc, Amelia",f,"THE CASTLE OF TARIFFA: OR, THE SELF-BANISHED MAN"
3,30,1786,Orientalized Gothic fantasy,"Beckford, William",m,"VATHEK: AN ARABIAN TALE FROM AN UNPUBLISHED MANUSCRIPT, WITH NOTES CRITICAL AND EXPLANATORY"
,31,1912,Orientalized Gothic fantasy,"Beckford, William",m,THE EPISODES OF VATHEK
,32,1794,Sentimental Gothic,"Bennett, Agnes Maria",f,"ELLEN, COUNTESS OF CASTLE HOWEL"
,33,1806,Pure or high Gothic (intermittent didactic elements),"Bennett, Agnes Maria",f,"VICISSITUDES ABROAD: OR, THE GHOST OF MY FATHER"
,34,1795,Pure or high Gothic (fusion of terror and horror),"Bird, John",m,THE CASTLE OF HARDAYNE
,35,1819,Pure or high Gothic (horror mode),unsigned,unknown,"THE BLACK CONVENT: OR, A TALE OF FEUDAL TIMES"
,36,1803,Gothic Chapbook (shilling shocker qualities),unsigned,unknown,"THE BLACK VALLEY: OR, THE CASTLE OF ROSENBERG"
4,37,n.d.,Gothic chapbook,unsigned,unknown,"THE BLOODY HAND, OR, THE FATAL CUP. A TALE OF HORROR!"
5,38,1826,Gothified History (terror mode),"Bolen, C. A.",unknown,"THE MYSTERIOUS MONK, OR, THE WIZARD'S TOWER"
6,39,1796,Pure or high Gothic (terror mode),"Bonhote, Elizabeth",f,BUNGAY CASTLE. A NOVEL
,40,1808,Pure or high Gothic (moralized mystery fiction),"Bounden, Joseph",m,"THE MURDERER: OR, THE FALL OF LECAS"
10,41,1808,Pure or high Gothic (terror mode),"Brewer, George",m,THE WITCH OF RAVENSWORTH. A ROMANCE
9,42,1799,Gothified History,"Brewer, James Norris",m,A WINTER'S TALE
,43,1803,Pure or high Gothic (terror mode),"Bromley, Elizabeth Nugent",f,THE CAVE OF COSENZA: A ROMANCE OF THE EIGHTEENTH CENTURY
11,44,1819,Sentimental Gothic,"Brown, Elizabeth Cullen",f,THE SISTERS OF ST. GOTHARD. A TALE
12,45,1802,Philosophical Gothic (domestic elements),"Brydges, Sir Samuel Egerton",m,LE FORESTER. A NOVEL
,46,1796,Sentimental Gothic (imitation of Charlotte Smith),"Burke, Ann",f,"THE SORROWS OF EDITH: OR, THE HERMITAGE OF THE CLIFFS"
,47,1805,Grotto Gothic (terror mode),"Burke, Ann",f,THE SECRET OF THE CAVERN
,48,1806,Pure or high Gothic (horror mode),"Carey, David",m,THE SECRETS OF THE CASTLE
16,49,1797,Pure or high Gothic (terror mode),"Carver, Mrs.",f,THE HORRORS OF OAKENDALE ABBEY
,50,1800,Pure or high Gothic (horror mode),unsigned,unknown,"THE CASTLE DE WARRENNE: A ROMANCE. LADY'S MONTHLY MUSEUM, OR POLITE REPOSITORY OF AMUSEMENT AND INSTRUCTION"
,51,1798,"Gothified history, imitation of Reeve's OLD ENGLISH BARON)",unsigned,unknown,"THE CASTLE OF BEESTON: OR, RANDOLPH, EARL OF CHESTER, AN HISTORICAL ROMANCE"
,52,1804,Pure or high Gothic (terror-horror modes),unsigned,unknown,"THE CASTLE OF MONTALBERT: OR, THE FATAL PREDICTION. TELL-TALE: OR, UNIVERSAL MUSEUM, CONSISTING OF A SERIES OF INTERESTING ADVENTURES, VOYAGES, HISTORIES, LIVES, TALES, AND ROMANCES"
,53,1805,"Pure or high Gothic (terror mode, revival of Udolphoesque Gothic)",unsigned,unknown,THE CASTLE OF SANTA FE
,54,n.d.,Gothic chapbook (uses Reeve's OLD ENGLISH BARON as principal source),unsigned,unknown,THE CASTLE OF ST. GERALD
,55,1792,Gothified history (imitation of OTRANTO),unsigned,unknown,THE CASTLE OF ST. VALLERY: AN ANCIENT STORY
,56,1819,Pure or high Gothic (sham translation),unsigned,unknown,"THE CASTLE OF VILLA-FLORA: A PORTUGUESES TALE, FROM A MANUSCRIPT LATELY FOUND BY A BRITISH OFFICER OF RANK IN AN OLD MANSION IN PORTUGAL"
,57,1799,Gothic chapbook (prominent Radcliffean elements),unsigned,unknown,"THE CASTLES OF MONTREUIL AND BARRE: OR, THE HISTORIES OF THE MARQUIS LE BRUN AND THE BARON LA MARCHE, THE LATE INHABITORS AND PROPRIETORS OF THE TWO CASTLES. A GOTHIC STORY"
,58,1794,Pure or high Gothic (terror mode),unsigned,unknown,THE CAVERN OF DEATH: A MORAL TALE
17,59,1802,Gothic chapbook,unsigned,unknown,"THE CAVERN OF HORRORS, OR, MISERIES OF MIRANDA. A NEAPOLITAN TALE"
,60,n.d.,Gothic chapbook (Rauberromantik elements),"Chamberlain, Frederick",m,"LUCRETIA: OR, THE ROBBERS OF THE HYRCANEAN FOREST"
,61,1813,Serialized Gothic history (terror mode),unsigned,unknown,THE CHAPEL OF ST. BENEDICT: A ROMANCE OF THE FIFTEENTH CENTURY
,62,1805,Monastic shocker,"Chapman, M.",unknown,"MARLETON ABBEY: OR, THE MYSTIC TOMB OF ST. ANGELO"
,63,1798,Pure or high Gothic (terror-horror modes),"Charlton, Mary",f,"PHEDORA: OR, THE FOREST OF MINSKI"
,64,1799,"Pure or high Gothic (terror mode, many satiric elements)","Charlton, Mary",f,"ROSELLA: OR, MODERN OCCURRENCES"
,65,1805,Pure or high Gothic (terror mode),"Charlton, Mary",f,THE HOMICIDE
,66,1800,Pure or high Gothic (terror mode),"Chilcot, Harriet",f,"MORETON ABBEY: OR, THE FATAL MYSTERY. A POSTHUMOUS ROMANCE"
,67,n.d.,Gothic chapbook (sentimental Gothic abridgement),unsigned,unknown,"CLAIRVILLE CASTLE: OR, THE HISTORY OF ALBERT AND EMMA"
,68,1804,Pure or high Gothic (romance of the ruin),"Clifford, Francis",m,THE RUINS OF TIVOLI: A ROMANCE
,69,1809,Gothic chapbook,unsigned,unknown,"THE CONVENT OF ST. URSULA: OR, INCIDENTS AT OTTAGRO"
,70,1808,Gothic chapbook,unsigned,unknown,"THE CONVENT SPECTRE: OR, THE UNFORTUNATE DAUGHTER"
,71,1802,Pure or high Gothic (terror mode),unsigned,unknown,"CORRELIA: OR, THE MYSTIC TOMB"
18,72,1794,Pure or high Gothic (horror mode),unsigned,unknown,"COUNT RODERIC'S CASTLE, OR, GOTHIC TIMES. A TALE"
,73,1810,Pure or high Gothic (terror mode),"Cowley, Hannah Parkhouse",f,THE ITALIAN MARAUDERS
,74,1800,Gothified history,"Craik, Helen",f,"HENRY OF NORTHUMBERLAND: OR, THE HERMIT'S CELL, A TALE OF THE FIFTEENTH CENTURY"
,75,1811,Pure or high Gothic (terror mode),"Crandolph, Augustus",m,"THE MYSTERIOUS HAND: OR, SUBTERRANEAN HORROURS, A ROMANCE"
,76,1800,Gothified history (combines didactic and horrific elements),"Crofits, Mrs.",f,ANKERWICK CASTLE: A NOVEL
19,77,1828,Gothified History (Wandering Jew legend),"Croly, George",m,"SALATHIEL. A STORY OF THE PAST, THE PRESENT, AND THE FUTURE"
,78,1803,Gothic chapbook (imitation of THE CASTLE OF OTRANTO),unsigned,unknown,"CRONSTADT CASTLE: OR, THE MYSTERIOUS VISITOR"
27,79,1804,Gothic chapbook,"Crookenden, Isaac",m,"STORY OF MORELLA DE ALTO, OR, THE CRIMES OF SCORPINO DEVELOPED"
25,80,1805,Gothic chapbook,"Crookenden, Isaac",m,"THE SKELETON, OR, MYSTERIOUS DISCOVERY. A GOTHIC ROMANCE"
20,81,1806,Gothic chapbook,"Crookenden, Isaac",m,"FATAL SECRETS, OR, ETHERLINDA DE SALMONI. A SICILIAN STORY"
23,82,1806,Gothic chapbook,"Crookenden, Isaac",m,"THE MYSTERIOUS MURDER, OR, THE USURPER OF NAPLES. AN ORIGINAL ROMANCE. TO WHICH IS PREFIXED THE NOCTURNAL ASSASSIN, OR, SPANISH JEALOUSY"
21,83,1808,Gothic chapbook,"Crookenden, Isaac",m,"HORRIBLE REVENGE, OR, THE MONSTER OF ITALY!! With HORRIBLE REVENGE is bound HOPELESS LOVE. AN INTERESTING TALE"
22,84,1811,Gothic chapbook,"Crookenden, Isaac",m,"THE ITALIAN BANDITTI, OR, THE SECRET HISTORY OF HENRY AND MATILDA. A ROMANCE."
26,85,n.d.,Gothic chapbook (Shauerromantik elements),"Crookenden, Isaac",m,"SPECTRE OF THE TURRET, OR, GUOLTO CASTLE. A ROMANCE"
28,86,1794,Pure or high Gothic (terror mode),"Cullen, Stephen",m,"THE HAUNTED PRIORY, OR, THE FORTUNES OF THE HOUSE OF RAYO. A ROMANCE FOUNDED PARTLY ON HISTORICAL FACT"
,87,1796,Pure or high Gothic (horror mode),"Cullen, Stephen",m,THE CASTLE OF INCHVALLY: A TALE ALAS! TOO TRUE
30,88,1799,Pure or high Gothic (horror-terror modes),"Curties, T. J. Horsley (Thomas Isaac)",m,"ETHELWINA, OR, THE HOUSE OF FITZ-AUBURNE. A ROMANCE OF FORMER TIMES"
29,89,1801,Pure or high Gothic (terror mode),"Curties, T. J. Horsley (Thomas Isaac)",m,"ANCIENT RECORDS, OR, THE ABBEY OF SAINT OSWYTHE. A ROMANCE"
33,90,1804,Gothified history (terror mode),"Curties, T. J. Horsley (Thomas Isaac)",m,"THE WATCH TOWER, OR, THE SONS OF ULTHONA. AN HISTORICAL ROMANCE"
32,91,1806,Pure or high Gothic (terror mode),"Curties, T. J. Horsley (Thomas Isaac)",m,"ST. BOLTOPH'S PRIORY, OR, THE SABLE MASK. AN HISTORICAL ROMANCE"
31,92,1807,Pure or high Gothic (terror mode),"Curties, T. J. Horsley (Thomas Isaac)",m,THE MONK OF UDOLPHO
,93,1810,Pure or high Gothic (terror mode),"Curties, T. J. Horsley (Thomas Isaac)",m,THE RUINS OF THE ABBEY OF FITZ-MARTIN
,94,1812,Pure or high Gothic (terror mode),"Curtis, Julia Ann Kemble",f,"SICILIAN MYSTERIES: OR, THE FORTRESS DEL VECHII"
,95,1815,Pure or high Gothic (terror mode),"Curtis, Julia Ann Kemble",f,"THE SECRET AVENGERS: OR, THE ROCK OF GLOTZDEN"
,96,1819,Pure or high Gothic (horror mode),"Curtis, Julia Ann Kemble",f,"CESARIO ROSALBA: OR, THE OATH OF VENGEANCE. A ROMANCE"
,97,1806,Sentimental and Domestic Gothic,"Cuthbertson, Catherine",f,"SANTO SEBASTIANO: OR, THE YOUNG PROTECTOR"
,98,1810,"Pure or high Gothic (terror mode, imitation of Mr. Radcliffe’s THE ITALIAN)","Cuthbertson, Catherine",f,THE FOREST OF MONTALBANO
,99,1823,"Picaresque-Sentimental Fiction (a few Gothic characters, episodes, and locations)","Cuthbertson, Catherine",f,THE HUT AND THE CASTLE
34,100,1830,Domestic fiction (counterfeit Gothified History),"Cuthbertson, Catherine",f,"SIR ETHELBERT, OR, THE DISSOLUTION OF THE MONASTERIES. A ROMANCE"
35,101,1805,Sentimental Gothic (didactic elements),"Dacre, Charlotte",f,CONFESSIONS OF THE NUN OF ST. OMER. A TALE
38,102,1806,Pure or high Gothic (terror-horror modes),"Dacre, Charlotte",f,"ZOFLOYA, OR, THE MOOR. A ROMANCE OF THE FIFTEENTH CENTURY"
36,103,1807,Sentimental Gothic (terror mode),"Dacre, Charlotte",f,THE LIBERTINE
37,104,1811,Sentimental Gothic (terror mode),"Dacre, Charlotte",f,THE PASSIONS
,105,1808,Gothified history (pseudo medieval romances),"Dallas, Robert Charles",m,THE KNIGHTS: TALES ILLUSTRATIVE OF THE MARVELLOUS
39,106,1810,Sentimental Gothic (terror mode),"Dallas, Robert Charles",m,"SIR FRANCIS DARRELL, OR, THE VORTEX. A NOVEL"
40,107,1818,Domestic Gothic (terror mode),"Davenport, Selina",f,AN ANGEL'S FORM AND A DEVIL'S HEART
41,108,1828,Domestic Gothic (didactic elements),"Davenport, Selina",f,ITALIAN VENGEANCE AND ENGLISH FORBEARANCE. A ROMANCE
,109,1803,Gothic chapbook,unsigned,unknown,"DE LA MARK AND CONSTANTIA: OR, ANCIENT HEROISM, A GOTHIC TALE"
,110,1806,Pure or high Gothic (terror mode),unsigned,unknown,"DELLINGBOROUGH CASTLE: OR, THE MYSTERIOUS RECLUSE"
42,111,1832,"Pure or high Gothic (terror mode, Gothified history)","DeQuincey, Thomas",m,"KLOSTERHEIM, OR, THE MASQUE"
,112,1812,Pure or high Gothic (terror mode),"Doherty, Ann",f,THE CASTLES OF WOLFNORTH AND MONTEAGLE
,113,1815,Gothified history,"Doherty, Ann",f,THE KNIGHT OF THE GLEN: AN IRISH ROMANCE
,114,1802,Gothic chapbook (shilling shocker),unsigned,unknown,"DON ALGONAH: OR, THE SORCERESS OF MONTILLO"
,115,1803,"Pure or high Gothic (horror mode, bluebook)",unsigned,unknown,"DON SANCHO: OR, THE MONK OF HENNARES, A SPANISH ROMANCE"
43,116,1804,"Gothic anthology (essays on Gothic theory, fragments, Gothic prose and verse)","Drake, Nathan",m,"LITERARY HOURS, OR SKETCHES CRITICAL, NARRATIVE, AND POETICAL"
,117,1804,Pure or high Gothic (terror mode),unsigned,unknown,"DURSTON CASTLE: OR, THE GHOST OF ELEONORA, A GOTHIC STORY"
,118,1801,Gothic chapbook,unsigned,unknown,"EDMUND AND ALBINA: OR, GOTHIC TIMES"
44,119,1825,Gothified history (sentimental and terror modes),"Eldridge, Rebecca",f,"THE HIGHEST CASTLE AND THE LOWEST CAVE, OR, EVENTS OF THE DAYS WHICH ARE GONE"
,120,1800,Pure or high Gothic (terror mode),"Elson, Jane",f,ROMANCE OF THE CASTLE
,121,1792,Pure or high Gothic (terror mode),unsigned,unknown,"EMILY: OR, THE FATAL PROMISE, A NORTHERN TALE"
,122,1810,Pure or high Gothic (didactic elements),"English, John",m,THE GREY FRIAR AND THE BLACK SPIRIT OF THE WYE
,123,1807,Serialized Gothic novella (terror and sentimental modes),E. F.,unknown,THE CAVE OF ST. SIDWELL: A ROMANCE
45,124,1810,Gothic chapbook (based on THE MONK),"Lathom, Francis",m,"FATAL VOWS, OR, THE FALSE MONK. A ROMANCE"
,125,1803,Gothic novelette (based on THE MONK),unsigned,unknown,"FATHER INNOCENT, ABBOT OF CAPUCHINS: OR, THE CRIMES OF THE CLOISTERS"
,126,1810,Pure or high Gothic (based on Radcliffe’s ROMANCE OF THE FOREST),unsigned,unknown,FAULCONSTEIN FOREST: A ROMANTIC TALE
,127,1795,Sentimental Gothic (romance of the ruin),"Fenwick, Eliza",f,"SECRESY: OR, THE RUIN ON THE ROCK"
,128,1796,Domestic Gothic,"Fitz John, Matilda",f,JOAN!!!
46,129,1824,Pure or high Gothic (terror mode),"Fletcher, Grenville",m,"ROSALVIVA, OR, THE DEMON DWARF. A ROMANCE"
,130,1803,Pure or high Gothic (terror-horror modes),unsigned,unknown,THE FOREST OF HOHENHELBE: A TALE
,131,1791,Gothified history (terror mode),"Fox, Joseph, Jr.",m,TANCRED: A TALE OF ANCIENT TIMES
47,132,1797,Pure or high Gothic (horror mode),"Fox, Joseph, Jr.",m,"SANTA-MARIA, OR, THE MYSTERIOUS PREGNANCY. A ROMANCE"
,133,1806,Pure or high Gothic (terror mode),"Frances, Sophia L",f,"VIVONIO: OR, THE HOUR OF RETRIBUTON"
,134,1807,Pure or high Gothic (terror mode),"Frances, Sophia L",f,"THE NUN OF MISERICORDIA: OR, THE EVE OF ALL SAINTS"
,135,1786,Gothified history,"Fuller, Anne",f,ALAN FITZ-OSBORNE: AN HISTORICAL TALE
,136,1790,Gothified history,unsigned,unknown,GABRIELLE DE VERGY: AN HISTORICAL TALE
,137,1803,Pure or high Gothic (terror mode),unsigned,unknown,THE GHOST OF HARCOURT: A ROMANCE
,138,1828,Gothic chapbook (Raüberroman),unsigned,unknown,GLENWAR: THE SCOTTISH BANDIT
51,139,1794,Contemporized Gothic (didactic and polemical elements),"Godwin, William",m,"THINGS AS THEY ARE, OR, THE ADVENTURES OF CALEB WILLIAMS"
50,140,1799,Gothified history (didactic elements),"Godwin, William",m,ST. LEON. A TALE OF THE SIXTEENTH CENTURY
,141,1804,Gothic bluebook,unsigned,unknown,"THE GOTHIC STORY OF COURVILLE CASTLE: OR, THE ILLEGITIMATE SON, A VICTIM OF PREJUDICE AND PASSION"
,142,1810,Pure or high Gothic (elements of THE MONK),"Green, Sarah",f,THE FESTICAL OF ST. JAGO: A SPANISH ROMANCE
,143,1811,Gothified history (echoes of Sophia Lee’s THE RECESS),"Green, Sarah",f,"THE ROYAL EXILE: OR, VICTIMS OF HUMAN PASSIONS"
52,144,1813,Domestic Gothic (various Richardsonian features),"Green, Sarah",f,DECEPTION
,145,1814,Pure or high Gothic (combined imitation of THE ITALIAN and Ireland’s ABBESS),"Green, Sarah",f,"THE CARTHUSIAN FRIAR: OR, THE MYSTERIES OF MONTANVILLE"
53,146,1826,Pure or high Gothic (terror mode),"Green, William Child",m,"ABBOT OF MONTSERRAT, OR, THE POOL OF BLOOD. A ROMANCE"
55,147,1831,Gothic Quest legend (elements of MELMOTH THE WANDERER),"Green, William Child",m,ALIBEG THE TEMPTER. A TALE WILD AND WONDERFUL
54,148,1832,Orientalized Gothic,"Green, William Child",m,"THE ALGERINES, OR, THE TWINS OF NAPLES"
,149,1816,Gothic parody (reverberations of Barrett’s THE HEROINE),"Griffith, Sophia",f,SHE WOULD BE A HEROINE
,150,1799,Gothified history (Radcliffean imitation),"Grosett, Emilia",f,"THE SPIRIT OF THE GROTTO: OR, THE CASTLE OF ST. GEORGE"
,151,n.d.,Gothic chapbook,"Grosett, Emilia",f,"THE MONASTERY OF ST. MARY: OR, THE WHITE MAID OF AVENEL"
58,152,1795,Roman noir (horror-terror elements),"Grosse, Karl",m,THE DAGGER
59,153,1796,Pure or high Gothic (Vehmgericht or secret Fehmic tribunal),"Grosse, Karl",m,HORRID MYSTERIES. A STORY
,154,1768,Sentimental fiction (emergent Gothic elements),"Gunning, Susan Minifie",f,BARFORD ABBEY: A NOVEL IN A SERIES OF LETTERS
,155,1795,Pure or high Gothic (terror mode),I. H.,unknown,"THE PHANTOMS OF THE CLOISTER: OR, THE MYSTERIOUS MANUSCRIPT"
,156,1820,Sorcerer Gothic (imitates Radcliffean Gothic),"Hales, J.M.H.",m,"THE ASTROLOGER: OR, THE EVE OF SAN SEBASTIAN"
60,157,1806,Mixed Gothic (domestic fiction becoming Gothic),"Hamilton, Ann Mary",f,THE FOREST OF ST. BERNARDO
61,158,1811,Mixed Gothic (domestic fiction becoming Gothic in horror mode),"Hamilton, Ann Mary",f,"MONTALVA, OR, ANNALS OF GUILT"
,159,1817,Comic Gothic,unsigned,unknown,"HARDENBRASS AND HAVERILL: OR, THE SECRET OF THE CASTLE"
62,160,1789,Gothified history (terror mode),"Harley, Mrs.",f,PRIORY OF ST. BERNARD. AN OLD ENGLISH TALE
,161,1788,Pure or high Gothic (terror mode),"Harley, Mrs.",f,THE CASTLE OF MOWBRAY: AN ENGLISH ROMANCE
,162,1794,Gothified History,unsigned,unknown,HARTLEBOURN CASTLE: A DESCRIPTIVE ENGLISH TALE
,163,1802,"Pure or high Gothic (terror mode, Radcliffean imitation)","Harvey, Jane",f,MINERVA CASTLE
,164,1802,"Pure or high Gothic (terror mode, Radcliffean imitation)","Harvey, Jane",f,WARKFIELD CASTLE
,165,1806,"Pure or high Gothic (terror mode, Radcliffean imitation)","Harvey, Jane",f,THE CASTLE OF TYNEMOUTH
,166,1810,Pure or high Gothic (terror mode),"Harwood, Caroline",f,"THE CASTLE OF VIVALDI: OR, THE MYSTERIOUS INJUNCTION"
,167,1802,Political Gothic and Grotto Gothic (sentimental elements),"Hasworth, H.H.",unknown,"THE LADY OF THE CAVE: OR, THE MYSTERIES OF THE FOURTEENTH CENTURY, AN HISTORICAL ROMANCE"
,168,1802,Sentimental Gothic (terror mode),unsigned,unknown,"HATRED: OR, THE VINDICTIVE FATHER, A TALE OF SORROW"
,169,1819,Monastic shocker (sentimentalized and moderated terrors),"Haynes, Miss C.D.",f,"AUGUSTUS AND ADELINA: OR, THE MONK OF ST. BARNADINE"
,170,1821,Pure or high Gothic (Radcliffean revival),"Haynes, Miss C.D.",f,"ELEANOR: OR, THE SPECTRE OF ST. MICHAELS, A ROMANTIC TALE"
,171,1827,Romance of the Ruin (terror mode),"Haynes, Miss C.D.",f,THE RUINS OF RUTHVALE ABBEY
,172,1814,"Pure or high Gothic (terror mode, Radcliffean imitation)","Haynes, D.F.",m,"PIERRE AND ADELINE: OR, THE ROMANCE OF THE CASTLE"
64,173,1796,Sentimental fiction (Radcliffean terror elements),"Helme, Elizabeth",f,THE FARMER OF INGLEWOOD FOREST
65,174,1801,Gothified history (Radcliffean imitation),"Helme, Elizabeth",f,"ST. MARGARET'S CAVE, OR, THE NUN'S STORY. AN ANCIENT LEGEND"
,175,1805,Tower Gothic (terror mode with elements of the Räuberroman),"Hernon, G.D.",unknown,"LOUISA: OR, THE BLACK TOWER"
,176,1814,Gothified History (horror-terror modes),"Hitchener, William Henry",m,"THE TOWERS OF RAVENSWOLD: OR, THE DAYS OF IRONSIDE"
67,177,1822,Gothified History (a witchcraft segment),"Hogg, James",m,"THE THREE PERILS OF MAN, OR, WAR, WOMEN, AND WITCHCRAFT. A BORDER ROMANCE"
66,178,1824,Doppleganger or Double Story (terror-horror modes),"Hogg, James",m,THE PRIVATE MEMOIRS AND CONFESSIONS OF A JUSTIFIED SINNER
68,179,1792,Novel of Seduction and Radical Ideas (terror elements),"Holcroft, Thomas",m,ANNA ST. IVES. A NOVEL
69,180,1820,Gothified history (natural horror),"Holford, Margaret",f,WARBECK OF WOLFSTEÏN
,181,1810,Pure or high Gothic (horror-terror modes),"Holstein, Anthony Frederick",m,"LOVE, MYSTERY, AND MISERY!"
,182,1810,Pure or high Gothic (domestic elements),"Holstein, Anthony Frederick",m,"THE ASSASSIN OF ST. GLENROY: OR, THE AXIS OF LIFE"
,183,1804,Gothic chapbook (Radcliffean imitation with some Lewisite horror),unsigned,unknown,"HORATIO AND CAMILLA: OR, THE NUNS OF ST. MARY"
,184,1828,Gothic chapbook,unsigned,unknown,"THE HORRIBLE REVENGE: OR, THE ASSASSIN OF THE SOLITARY CASTLE"
,185,1807,Gothic chapbook,unsigned,unknown,THE HORRORS OF THE SECLUDED CASTLE
,186,1810,Sentimental Gothic (imitation of Mrs. Radcliffe’s ROMANCE OF THE FOREST),"Houghton, Mary",f,THE MYSTERIES OF THE FOREST
,187,1797,Sentimental Gothic (imitation of Smith’s OLD MANOR HOUSE),unsigned,unknown,THE HOUSE OF MARLEY
70,189,1820,Pure or high Gothic (no supernatural elements),"Huish, Robert",m,"THE BROTHERS, OR, THE CASTLE OF NIOLO"
72,190,1828,Documentary Gothic (natural horror based on an actual incident),"Huish, Robert",m,"THE RED BARN. A TALE, FOUNDED ON FACT"
71,191,1832,Domestic Gothic (terror elements),"Huish, Robert",m,FITZALLEN
,192,1800,Pure or high Gothic (Radcliffean imitation),unsigned,unknown,"HUMBERT CASTLE: OR, THE ROMANCE OF THE RHONE"
,193,1809,Gothified history (terror mode),"Hunt, Rev. J.P.",m,"THE IRON MASK: OR, THE ADVENTURES OF A FATHER AND SON"
,194,1801,Domestic fiction,"Hunter, Rachel",f,"LETITIA: OR, THE CASTLE WITHOUT A SPECTRE"
73,195,1805,Domestic Gothic,unsigned,unknown,THE IDIOT HEIRESS. A NOVEL
,196,1803,Gothic chapbook (horror-terror modes),unsigned,unknown,"ILDEFONZO AND ALBERONI: OR, TALES OF HORROR"
,197,1815,Gothic parody,Ircastrensis,unknown,LOVE AND HORROR: AN IMITATION FOR THE PRESENT AND A MODEL FOR ALL FUTURE ROMANCES
74,198,1799,Pure or high Gothic (monastic shocker in horror-terror modes; imitation of THE MONK),"Ireland, William Henry",m,THE ABBESS. A ROMANCE
76,199,1800,Pure or high Gothic (terror mode),"Ireland, William Henry",m,"RIMAULDO, OR, THE CASTLE OF BADAJOS"
,200,1804,Pure or high Gothic (Schauerromantik tendencies),"Ireland, William Henry",m,"BRUNO: OR, THE SEPULCHRAL SUMMONS"
75,201,1805,Pure or high Gothic/Gothified history (horror-terror modes),"Ireland, William Henry",m,"GONDEZ, THE MONK. A ROMANCE OF THE THIRTEENTH CENTURY"
,202,1807,Monastic Schocker (pseudo-historical title),"Ireland, William Henry",m,"THE CATHOLIC: OR, ARTS AND DEEDS OF THE POPISH CHURCH, A TASTE OF ENGLISH HISTORY"
77,203,1801,Sentimentalized and naturalized Gothic (Radcliffean methods and props),"Isaacs, Mrs.",f,"ARIEL, OR, THE INVISIBLE MONITOR"
,204,1805,Sentimentalized terror Gothic (Radcliffean imitation),"Isaacs, Mrs.",f,"GLENMORE ABBEY: OR, THE LADY OF THE ROCK"
,205,1794,Combined Monastic Shocker and Roman Noir (terror mode),unsigned,unknown,"IVEY CASTLE: CONTAINING INTERESTING MEMOIRS OF TWO LADIES, LATE NUNS IN A FRENCH ABOLISHED CONVENT"
78,206,1822,Gothified history (naturalized terror),"Jamieson, Frances",f,THE HOUSE OF RAVENSPUR. A ROMANCE
,207,1809,Pure or high Gothic (all modes),"Jones, Harriet",f,"THE FAMILY OF SANTRAILE: OR, THE HEIR OF MONTAULT"
,208,1799,Serialized Gothic nouvella (aborted),Juvenis,unknown,THE CASTLE ON THE CLIFT
79,209,1794,Pure or high Gothic (Schauerromantik elements),"Kahlert, Karl Friedrich",m,"THE NECROMANCER, OR, THE TALE OF THE BLACK FOREST"
81,210,1794,"Domestic Gothic (more domestic than Gothic, a few terror elements)","Kelly, Isabella",f,"MADELINE, OR, THE CASTLE OF MONTGOMERY. A NOVEL"
80,211,1795,Pure or high Gothic (in the novel's maiden-centered episodes),"Kelly, Isabella",f,THE ABBEY OF SAINT ASAPH. A NOVEL
,212,1796,Romance of the Ruin (terror mode),"Kelly, Isabella",f,THE RUINS OF AVONDALE PRIORY
,213,1801,Sentimental Gothic (elements of THE MONK and THE MYSTERIES OF UDOLPHO),"Kelly, Isabella",f,"RUTHINGLENNE: OR, THE CRITICAL MOMENT"
,214,1802,Pure or high Gothic (horror mode),"Kelly, Isabella",f,THE BARON’S DAUGHTER: A GOTHIC ROMANCE
,215,1799,Gothified history (family saga),"Kendall, A.",unknown,"THE CASTLE ON THE ROCK: OR, THE MEMOIRS OF THE ELDERLAND FAMILY"
,216,1799,Gothified history (terror mode),"Ker, Ann",f,"THE HEIRESS OF MONTALDE: OR, THE CASTLE OF BEZANTO"
,217,1800,Pure or high Gothic/Monastic shocker (terror mode with sentimental elements),"Ker, Ann",f,"ADELINE ST. JULIAN: OR, THE MIDNIGHT HOUR"
,218,1817,Gothified history (terror mode),"Ker, Ann",f,"EDRIC THE FORESTER: OR, THE MYSTERIES OF THE HAUNTED CHAMBER"
,219,1791,Gothified history (terror elements),unsigned,unknown,LADY JANE GREY: AN HISTORICAL TALE
83,220,1816,Gothic roman a clef (terror mode),"Lamb, Caroline",f,GLENARVON
82,221,1823,Orientalized Gothic/roman a clef,"Lamb, Caroline",f,ADA REIS. A TALE
,223,1816,Sentimentalized Gothic (toned-down monastic shocker),"Lancaster, Agnes",f,"THE ABBESS OF VALTIERA: OR, THE SORROWS OF A FALSEHOOD"
,224,1796,Pure or high Gothic (terror mode),"Lansdell, Sarah",f,"MANFREDI, BARON ST. OSMUND: AN OLD ENGLISH ROMANCE"
,225,1798,Turret Gothic (terror mode and Radcliffean procedures),"Lansdell, Sarah",f,"THE TOWER: OR, THE ROMANCE OF RUTHYNE"
,226,1795,Pure or high Gothic (horror mode),"Lathom, Francis",m,THE CASTLE OF OLLADA
87,227,1798,Pure or high Gothic (the supernatural acoustic),"Lathom, Francis",m,"THE MIDNIGHT BELL. A GERMAN STORY, FOUNDED ON INCIDENTS IN REAL LIFE"
89,228,1800,Naturalized Gothic (domestic and sentimental elements),"Lathom, Francis",m,MYSTERY. A NOVEL
85,229,1802,"Pure or high Gothic (quest story, picaresque elements)","Lathom, Francis",m,ASTONISHMENT!!! A ROMANCE OF A CENTURY AGO
,230,1805,"Domestic Gothic (twin theme, Shakespearean names and situations)","Lathom, Francis",m,"THE IMPENETRABLE SECRET, FIND IT OUT!"
88,231,1806,Gothified history (terror mode),"Lathom, Francis",m,"THE MYSTERIOUS FREEBOOTER, OR, THE DAYS OF QUEEN BESS. A ROMANCE"
,232,1807,Gothified history (monastic shocker elements),"Lathom, Francis",m,"THE FATAL VOW: OR, ST. MICHAELS MONASTERY"
90,233,1808,Gothified history (terror mode),"Lathom, Francis",m,"THE UNKNOWN, OR, THE NORTHERN GALLERY. A ROMANCE"
86,234,1820,Pure or high Gothic,"Lathom, Francis",m,"ITALIAN MYSTERIES, OR, MORE SECRETS THAN ONE. A ROMANCE"
,235,1830,"Pure or high Gothic (terror mode, elements of Gothified history)","Lathom, Francis",m,"MYSTIC EVENTS: OR, THE VISION OF THE TAPESTRY, A ROMANTIC LEGEND OF THE DAYS OF ANNE BOLEYN"
,236,1805,Pure or high Gothic (domestic terror),"Lathy, Thomas Pike",m,USURPATION: OR THE INFLEXIBLE UNCLE
91,237,1806,Pure or high Gothic (Schauerromantik elements),"Lathy, Thomas Pike",m,"THE INVISIBLE ENEMY, OR, THE MINES OF WIELITSKA. A POLISH LEGENDARY ROMANCE"
,238,1820,Pure or high Gothic (composite imitation),"Layton, Mrs. Frederick",f,HULME ABBEY
,239,1797,Anthology in five volumes (tales have periodic Gothicism),"Lee, Harriet and Sophia",f,THE CANTERBURY TALES FOR THE YEAR 1797
92,240,1785,Gothified history (terror and sentimental elements),"Lee, Sophia",f,"THE RECESS, OR, A TALE OF OTHER TIMES"
93,241,1800,Gothic chapbook (Shauerromantik elements),"Legge, F.",unknown,"THE SPECTRE CHIEF, OR, THE BLOOD-STAINED BANNER. AN ANCIENT ROMANCE. With THE SPECTRE CHIEF is bound BARON FITZALLAN"
94,242,1797,Didactic and domestic novel (Gothic titling),"Leigh, Sir Samuel Egerton",m,"MUNSTER ABBEY. A ROMANCE, INTERSPERSED WITH REFLECTIONS ON VIRTUE AND MORALITY"
95,243,1762,"Gothified history (historical Gothic prototype, terror elements)","Leland, Thomas",m,"LONGSWORD, EARL OF SALISBURY. AN HISTORICAL ROMANCE"
99,244,1796,"Pure or high Gothic (horror, terror, and Schauerromantik modes, monastic shocker)","Lewis, Matthew",m,THE MONK. A ROMANCE
96,245,1805,Rauberroman (terror mode),"Lewis, Matthew",m,THE BRAVO OF VENICE
102,246,1807,Gothic chapbook (converted from Gothic drama),"Lewis, Matthew",m,"THE WOOD DAEMON, OR, ""THE CLOCK HAS STRUCK"""
100,247,1808,"Gothic anthology (terror, horror, and Schauerromantik modes represented with Germanic translations and imitations)","Lewis, Matthew",m,ROMANTIC TALES
,248,1804,Gothic chapbook,unsigned,unknown,"LEWIS TYRELL: OR, THE DEPRAVED COUNT, INCLUDING THE PATHETICK ADVENTURES AND TRAGICALL HISTORY OF ELLA CLIFFORD AND OSCAR HENRY HAMPDON, AN ENGLISH TALE OF THE FOURTEENTH CENTURY"
,249,1811,Pure or high Gothic (bluebook qualities),"Loney, T.C.",unknown,"SEBASTIAN AND ISABEL: OR, THE INVISIBLE SWORD"
,250,1818,Gothic bluebook (shilling shocker),unsigned,unknown,"LOVEL CASTLE: OR, THE RIGHTFUL HEIR RESTORED, A GOTHIC TALE"
,251,1798,"Marginal Gothic (intermittent terror episodes, picaresque and domestic elements)","Lucas, Charles",m,"THE CASTLE OF ST. DONATS: OR, THE HISTORY OF JACK SMITH"
104,252,1801,"Political and polemical Gothic (satiric and philosophic elements, attack on Godwin and Jacobin novelists)","Lucas, Charles",m,THE INFERNAL QUIXOTE. A TALE OF THE DAY
,253,1801,"Pure or high Gothic (terror mode, monastic shocker elements)",unsigned,unknown,"LUSIGNAN: OR, THE ABBAYE OF LA TRAPPE"
,254,1803,Pure or high Gothic (Schauerromantik elements),"Lyttleton, Mr.",m,THE GERMAN SORCERESS
105,255,1791,Gothified history (terror mode),"Mackenzie, Anna Maria",f,THE DANISH MASSACRE. AN HISTORICAL FACT
,256,1795,Gothified history (terror mode),"Mackenzie, Anna Maria",f,MYSTERIES ELUCIDATED
,257,1798,Pure or high Gothic (Schauerromantik elements),"Mackenzie, Anna Maria",f,"DUSSELDORF: OR, THE FRATRICIDE"
,258,1801,Pure or high Gothic (terror mode),"Mackenzie, Anna Maria",f,"SWEDISH MYSTERIES: OR, THE HERO OF THE MINES OF DELECARLIA"
106,259,1809,Domestic fiction (several Gothic elements and characters),"Mackenzie, Anna Maria",f,"THE IRISH GUARDIAN, OR, ERRORS OF ECCENTRICITY"
,260,1771,Sentimental fiction (settings and feelings appropriate to Gothic romance),"Mackenzie, Henry",m,THE MAN OF FEELING
,261,1777,Epistolary and domestic Gothic (emergent Gothic villain),"Mackenzie, Henry",m,JULIA DE ROUBIGNE
,262,1806,Sentimental Gothic (imitation of Mrs. Radcliffe and Charlotte Smith),"Manners, Mrs",f,"CASTLE NOUVIER: OR, HENRY AND ADELAIDE"
,263,1821,Pure or high Gothic,"Marshall, Thomas",m,"THE IRISH NECROMANCER: OR, DEER PARK"
,264,1807,Sentimental Gothic (imitation of Charlotte Smith’s novels),"Matthews, Charlotte",f,"GRIFFITH ABBEY: OR, THE MEMOIRS OF EUGENIA"
108,265,1807,Pure or high Gothic (terror-horror modes),"Maturin, Charles Robert",m,"FATAL REVENGE, OR, THE FAMILY OF MONTORIO. A ROMANCE"
111,266,1808,Domestic fiction (several touches of terror Gothicism),"Maturin, Charles Robert",m,THE WILD IRISH BOY
110,267,1812,"Pure or high Gothic (terror mode, revolutionary Irish politics)","Maturin, Charles Robert",m,THE MILESIAN CHIEF. A ROMANCE
109,268,1820,"Pure or high Gothic (actually, a composite of Gothic types)","Maturin, Charles Robert",m,MELMOTH THE WANDERER
107,269,1824,Gothified history (terror-horror modes),"Maturin, Charles Robert",m,THE ALBIGENSES. A ROMANCE
,270,1804,Gothic chapbook,unsigned,unknown,"MAXIMILIAN AND SELINA: OR, THE MYSTERIOUS ABBOT, A FLEMISH TALE"
,271,1795,Pure or high Gothic (Radcliffean imitation),"Meeke, Mary",f,THE ABBEY OF CLUGNY
112,272,1795,Domestic Gothic (search for the father),"Meeke, Mary",f,"COUNT ST. BLANCHARD, OR, THE PREJUDICED JUDGE. A NOVEL"
,273,1797,Domestic Gothic (genealogical puzzlements),"Meeke, Mary",f,THE MYSTERIOUS WIFE
,274,1798,Pure or high Gothic (Radcliffean imitation),"Meeke, Mary",f,THE SICILIAN
,275,1801,"Pure or high Gothic (mild terrors, genealogical pleasures)","Meeke, Mary",f,THE MYSTERIOUS HUSBAND
113,276,1802,"Pure or high Gothic (domestic elements, genealogical entanglements)","Meeke, Mary",f,MIDNIGHT WEDDINGS. A NOVEL
114,277,1808,Domestic fiction (intermittent Gothic elements),"Meeke, Mary",f,"""THERE IS A SECRET, FIND IT OUT!"""
,278,1809,Gothified history (Radcliffean effects),"Meeke, Mary",f,LAUGHTON PRIORY
115,279,1819,Domestic fiction (intermittent Gothic effects),"Meeke, Mary",f,"THE VEILED PROTECTRESS, OR, THE MYSTERIOUS MOTHER. A NOVEL"
,280,1802,"Pure or high Gothic (terror mode, chapbook quality)","Melville, Theodore",m,"THE WHITE KNIGHT: OR, THE MONASTERY OF THE MORNE"
,281,1807,"Pure or high Gothic (terror mode, imitation of Maturin’s THE FATAL REVENGE)","Melville, Theodore",m,"THE BENEVOLENT MONK: OR, THE CASTLE OF OLALLA"
,282,1802,Periodical Gothic thriller (chapbook quality),unsigned,unknown,"THE MIDNIGHT ASSASSIN: OR, THE CONFESSIONS OF THE MONK RINALDI"
116,283,1808,Gothic bluebook (variable plagiarism from many Gothics),unsigned,unknown,"THE MIDNIGHT GROAN: OR, THE SPECTRE OF THE CHAPEL"
,284,n.d.,Gothic chapbook (compilation of cases involving spectral appearances),unsigned,unknown,"THE MIDNIGHT MONITOR: OR, SOLEMN WARNINGS FROM THE INVISIBLE WORLD"
,285,1805,Gothified history (terror mode),"Millikin, Anna",f,"THE RIVAL CHIEFS: OR, THE BATTLE OF THE MERE"
,286,1817,Gothic bluebook (imitation of chapbook reductions of THE MONK),unsigned,unknown,THE MONK OF HENNARES
,287,1800,Gothified translation (from a French romance by Charles-Antoine-Guilaume Pigault-Lebrun (1753-1835),unsigned,unknown,"THE MONK OF THE GROTTO: OR, EUGENIO AND VIRGINIA"
,288,1807,Gothic chapbook,unsigned,unknown,"THE MONKS OF CLUGNY: OR, CASTLE-ACRE MONASTERY"
,289,1806,Pure or high Gothic (terror mode),"Montague, Edward",m,THE CASTLE OF BERRY-POMEROY
,290,1807,Pure or high Gothic (elements of the monastic shocker and Ireland’s THE ABBESS),"Montague, Edward",m,LEGENDS OF A NUNNERY: A ROMANTIC LEGEND
117,291,1807,"Pure or high Gothic (monastic shocker, excessive natural and supernatural horror)","Montague, Edward",m,THE DEMON OF SICILY
,292,1796,Gothified history,unsigned,unknown,"MONTFORD CASTLE: OR, THE KNIGHT OF THE WHITE ROSE, AN HISTORICAL ROMANCE OF THE ELEVENTH CENTURY"
,293,1799,Romance of the ruin (terror mode),unsigned,unknown,"MONTROSE: OR, THE GOTHIC RUIN"
,294,1817,Gothified history (terror mode),"Moore, George",m,THE MYSTERIES OF HUNGARY: A ROMANTIC HISTORY OF THE FIFTEENTH CENTURY
118,295,1797,"Pure or high Gothic (terror mode, in serialized form)","Moore, George",m,GRASVILLE ABBEY. A ROMANCE
119,296,1802,Pure or high Gothics (a multiple Gothic containing elements of several subspecies of Gothic fiction) ,"Moore, George",m,"THEODOSIUS DE ZULVIN, THE MONK OF MADRID. A SPANISH TALE, DELINEATING VARIOUS TRAITS OF THE HUMAN MIND"
120,297,1789,Novel of domestic sadism (titular character is a prototypical Gothic villain),"Moore, John",m,"ZELUCO. VARIOUS VIEWS OF HUMAN NATURE, TAKEN FROM LIFE, AND MANNERS, FOREIGN AND DOMESTIC"
,298,1805,Pure or high Gothic (terror mode),"Morley, G.T.",unknown,"DEEDS OF DARKNESS: OR, THE UNNATURAL UNCLE"
,299,1798,Pure or high Gothic (Radcliffean imitation),unsigned,unknown,MORT CASTLE: A GOTHIC STORY
,300,1793,"Pure or high Gothic (Otrantoesque terror, horror modes)",unsigned,unknown,MORTIMORE CASTLE: A CAMBRIAN TALE
,301,1797,Gothified history (imitation of OTRANTO),"Musgrave, Agnes",f,EDMUND OF THE FOREST: AN HISTORICAL NOVEL
,302,1798,Pure or high Gothic (terror mode),"Musgrave, Agnes",f,THE SOLEMN INJUNCTION
,303,1800,"Gothic bluebook (terror, horror modes)",unsigned,unknown,"THE MYSTERIOUS BRIDE: OR, THE STATUE SPECTRE"
,304,1800,Pure or high Gothic (Radcliffean imitation),unsigned,unknown,"THE MYSTERIOUS PENITENT: OR, THE NORMAN CHATEAU, A ROMANCE"
,305,n.d.,Gothic chapbook,unsigned,unknown,THE MYSTERY OF THE BLACK CONVENT: AN INTERESTING SPANISH TALE OF THE ELEVENTH CENTURY
,306,1808,Pure or high Gothic (imitation of Lathom’s Gothic thrillers),unsigned,unknown,MYSTERY UPON MYSTERY: A TALE OF EARLIER TIMES
,307,1800,Gothic chapbook,unsigned,unknown,"THE MYSTIC TOWER: OR, VILLAINY PUNISHED"
,308,1802,Pure or high Gothic (plotting taken from Reeve’s OLD ENGLISH BARON),unsigned,unknown,"NEVILLE CASTLE: OR, THE GENEROUS CAMBRIANS"
,309,1789,Pure or high Gothic (horror mode),"Nicholson, Mr.",m,THE SOLITARY CASTLE: A ROMANCE OF THE EIGHTEENTH CENTURY
,310,1812,Gothified history,Nubilia,unknown,THE CASTLE OF GLENROICH: A ROMANCE OF THE TWELFTH CENTURY
,311,1809,Pure or high Gothic (imitation of THE MONK),Orlando,unknown,"THE CHAMBER OF DEATH: OR, THE FATE OF ROSARIO, AN HISTORICAL ROMANCE OF THE SIXTEENTH CENTURY"
,312,1806,Pure or high Gothic (some philosophical content),"Owenson, Sydney (Lady Morgan)",f,THE NOVICE OF ST. DOMINICK
,313,1806,Pure or high Gothic (didactit and nationalistic elements),"Owenson, Sydney (Lady Morgan)",f,THE WILD IRISH GIRL
,314,1802,"Gothified history (terror mode, Macbethian overtones)",F.H.P.,unknown,THE CASTLE OF CAITHNESS: A ROMANCE OF THE THIRTEENTH CENTURY
122,315,1796,"Grotto Gothic (horror mode, elements of Gothified history)","Palmer, John, Jr.",m,THE HAUNTED CAVERN. A CALEDONIAN TALE
123,316,1796,Tower Gothic (elements of Gothified history),"Palmer, John, Jr.",m,THE MYSTERY OF THE BLACK TOWER. A ROMANCE
,317,1807,Pure or high Gothic (terror mode),"Palmer, John, Jr.",m,"THE MYSTIC SEPULCHRE: OR, SUCH THINGS HAVE BEEN, A SPANISH ROMANCE"
,318,1807,Gothic bluebook,unsigned,unknown,"PARENTAL MURDER: OR, THE BROTHERS, AN INTERESTING ROMANCE IN WHICH VIRTUE AND VILLAINY ARE CONTRASTED, AND FOLLOWED BY REWARD AND RETRIBUTION"
125,319,1793,"Pure or high Gothic (Germanic and Schauerromantik elements, sham translation)","Parsons, Eliza",f,CASTLE OF WOLFENBACH. A GERMAN STORY
127,320,1796,"Pure or high Gothic (terror mode, explained supernatural)","Parsons, Eliza",f,THE MYSTERIOUS WARNING. A GERMAN TALE
124,321,1798,Gothic parody (some serious motifs mixed with satire on the Gothic heroine),"Parsons, Eliza",f,ANECDOTES OF TWO WELL-KNOWN FAMILIES
,322,1799,Domestic Gothic (terror mode),"Parsons, Eliza",f,THE VALLEY OF ST. GOTHARD
,323,1802,Domestic novel (only slightly Gothic),"Parsons, Eliza",f,THE MYSTERIOUS VISIT: A NOVEL FOUNDED ON FACTS
128,324,1798,"Pure or high Gothic (artificial terror, numerous elements of Gothic parody)","Patrick, Mrs. F. C.",f,MORE GHOSTS!
,325,1816,Gothic parody (also satirizes other romantic attitudes toward nature and architecture),"Peacock, Thomas Love",m,HEADLONG HALL
,326,1818,Gothic Parody,"Peacock, Thomas Love",m,NIGHTMARE ABBEY
,327,1831,Gothic parody,"Peacock, Thomas Love",m,CROTCHET CASTLE
,328,1805,Sentimental Gothic (Radcliffean landscapes),"Picard, Mary",f,"THE CASTLE OF ROVIEGO: OR, RETRIBUTION"
129,329,1803,"Pure or high Gothic (elements of THE MONK, monster story, transformation motif)","Pickersgill, Joshua, Jr.",m,THE THREE BROTHERS. A ROMANCE
,330,1814,Sentimental Gothic (Radcliffean imitation),"Pilkington, Mary",f,"THE NOVICE: OR, THE HEIR OF MONTGOMERY CASTLE"
,331,1798,Sentimental and Grotto Gothic,"Pilkington, Miss",f,"THE SUBTERRANEAN CAVERN: OR, THE MEMOIRS OF ANTOINETTE DE MONFLORANCE"
,332,1802,Pure or high Gothic (terror and sentimental elements),"Pilkington, Miss",f,"THE ACCUSING SPIRIT: OR, DE COURCY AND EGLANTINE"
131,333,1819,Prototypical Vampire Tale (Gothic characterization and scenery),"Polidori, John William",m,THE VAMPYRE. A TALE
130,334,1819,Natural Gothic horror (uses incest motif),"Polidori, John William",m,"ERNESTUS BERCHTOLD, OR, THE MODERN OEDIPUS. A TALE"
,335,1818,Gothified history,"Porter, Anna Maria",f,THE FAST OF ST. MAGDALEN
132,336,1822,Gothified history,"Porter, Anna Maria",f,"ROCHE-BLANCHE, OR, THE HUNTERS OF THE PYRENEES. A ROMANCE"
,337,1802,Historical fiction (periodic Gothic elements),"Porter, Jane",f,THADDEUS OF WARSAW
,338,1810,Historical novel (intermittent Gothic elements),"Porter, Jane",f,THE SCOTTISH CHIEFS
,339,1806,"Pure or high Gothic (Schauerromantik elements, free translation from Veit Weber)","Powell, James",m,"WOLF: OR, THE TRIBUNAL OF BLOOD"
,340,1788,"Pure or high Gothic (terror mode, satiric elements in the early chapters)",unsigned,unknown,"POWIS CASTLE: OR, ANECDOTES OF AN ANTIENT FAMILY"
,341,n.d.,Gothic chapbook,unsigned,unknown,THE PRIORY OF ALBA AND THE CASTLE ON THE CLIFFS: A ROMANCE OF ANCIENT TIMES
,342,1799,Pure or high Gothic (terror mode),"Proby, William Charles",m,THE MYSTERIOUS SEAL
,343,1800,"Pure or high Gothic (terror mode, Radcliffean imitation)","Proby, William Charles",m,THE SPIRIT OF THE CASTLE
,344,1800,Gothic chapbook (terror mode),unsigned,unknown,"THE PROPHETIC WARNING: OR, THE CASTLE OF LINDENDORFF"
,345,1794,Sham translation (Schauerromantik elements),C. R.,unknown,CASTLE ZITTAW: A GERMAN TALE
133,346,1789,Pure or high Gothic (terror mode),"Radcliffe, Ann",f,THE CASTLES OF ATHLIN AND DUNBAYNE
138,347,1790,Pure or high Gothic (terror mode),"Radcliffe, Ann",f,A SICILIAN ROMANCE
137,348,1791,Pure or high Gothic (terror mode),"Radcliffe, Ann",f,THE ROMANCE OF THE FOREST
136,349,1794,Pure or high Gothic (terror mode),"Radcliffe, Ann",f,THE MYSTERIES OF UDOLPHO. A ROMANCE
135,350,1797,Pure or high Gothic (terror and horror modes),"Radcliffe, Ann",f,"THE ITALIAN, OR, THE CONFESSIONAL OF THE BLACK PENITENTS. A ROMANCE"
134,351,1826,Gothified history (authentic supernatural elements),"Radcliffe, Ann",f,"GASTON DE BLONDEVILLE, OR, THE COURT OF HENRY III. KEEPING FESTIVAL IN ARDENNE"
139,352,1809,"Pure or high Gothic (imitation of the ""first"" Mrs. Radcliffe)","Radcliffe, Mary Ann",f,"MANFRONÉ, OR, THE ONE-HANDED MONK"
,353,1808,Pure or high Gothic (Radcliffean imitation),Ratcliffe Eliza,f,THE MYSTERIOUS BARON
,354,1809,Gothic chapbook,unsigned,unknown,"THE RECLUSE OF THE WOODS: OR, THE GENEROUS WARRIOR, A GOTHIC ROMANCE"
141,355,1777,Gothified history (subdued supernatural and domesticated Gothic),"Reeve, Clara",f,THE OLD ENGLISH BARON
143,356,1783,Sentimental fiction (intermittent Gothic elements),"Reeve, Clara",f,THE TWO MENTORS. A MODERN STORY
140,357,1788,Sentimental fiction (intermittent Gothic elements),"Reeve, Clara",f,"THE EXILES, OR, MEMOIRS OF THE COUNT DE CRONSTADT"
142,358,1791,Sentimental fiction (intermittent Gothic elements),"Reeve, Clara",f,THE SCHOOL FOR WIDOWS. A NOVEL
144,359,1807,Domestic fiction (has Gothic elements and bears a Gothic title),"Reeve, Sophia",f,THE MYSTERIOUS WANDERER
145,360,1792,Sentimentalized Gothic (uses the motif of the mysterious key),"Robinson, Mary",f,"VACENZA, OR, THE DANGERS OF CREDULITY"
,361,1796,Pure or high Gothic (Radcliffean imitation),"Robinson, Mary",f,HUBERT DE SEVRAC: A ROMANCE OF THE EIGHTEENTH CENTURY
146,362,1810,Domestic fiction (various Gothic elements),"Roche, John Hamilton",m,"A SUFFOLK TALE, OR, THE PERFIDIOUS GUARDIAN"
153,363,1793,Sentimentalized Gothic (numerous Radcliffean echoes and elements),"Roche, Regina Maria",f,THE MAID OF THE HAMLET. A TALE
149,364,1796,Sentimentalized Gothic (intermittent Radcliffean elements),"Roche, Regina Maria",f,THE CHILDREN OF THE ABBEY. A TALE
150,365,1798,Pure or high Gothic (terror mode),"Roche, Regina Maria",f,CLERMONT. A TALE
154,366,1800,Domestic Gothic (numerous sentimental elements),"Roche, Regina Maria",f,NOCTURNAL VISIT. A TALE
152,367,1807,Domestic Gothic (various terror elements),"Roche, Regina Maria",f,"THE DISCARDED SON, OR, HAUNT OF THE BANDITTI. A TALE"
,368,1810,Sentimentalized Gothic (some components of the monastic shocker),"Roche, Regina Maria",f,"THE HOUSES OF OSMA AND ALMERIA: OR, CONVENT OF ST. IDLEFONSO"
,369,1813,Sentimentalized Gothic (some terror elements),"Roche, Regina Maria",f,THE MONASTERY OF ST. COLUMB: OR THE ATONEMENT
148,370,1825,Semi-Domestic Gothic (Radcliffean scenery and elements),"Roche, Regina Maria",f,THE CASTLE CHAPEL. A ROMANTIC TALE
151,371,1828,Sentimental fiction (residual or secondary Gothic elements),"Roche, Regina Maria",f,CONTRAST
,372,1792,Medieval Quest Gothic (Spenserian Gothic),unsigned,unknown,"THE ROCK OF MODREC: OR, THE LEGEND OF SIR ELTRAM, AN ETHICAL ROMANCE TRANSLATED FROM AN ANCIENT BRITISH MANUSCRIPT LATELY DISCOVERED AMONG THE RUINS OF AN ABBEY"
155,373,1808,Rauberroman (Radcliffean and Shakespearean elements),unsigned,unknown,THE ROMANCE OF THE APPENNINES
,374,1811,Pure or high Gothic (terror and sentimental elements),unsigned,unknown,"ROSALIE: OR, THE CASTLE OF MONTALABRETTI"
157,375,1813,Fake Gothic (a sentimental and social novel under a Gothic title),"Ross, Mrs.",f,"THE MARCHIONESS!!! OR, ""THE MATURED ENCHANTRESS"""
,376,1813,Domestic Gothic,"Ross, Mrs.",f,"THE STRANGERS OF LINDENFELDTH: OR, WHO IS MY FATHER?"
,377,1804,Gothified history (imitation of Rochean Gothicism),"Rouviere, Henrietta",f,LUSSINGTON ABBEY
,378,1816,Gothified history (terror elements),"Rouviere, Henrietta",f,CRAIG MELROSE ABBEY
,379,1788,Picaresque fantasy (intermittent Gothic elements),"Rowson, Susanna Haswell",f,"THE INQUISITOR: OR, INVISIBLE RAMBLER"
,380,1813,Romance of the ruin (terror mode),unsigned,unknown,"THE RUINS OF SELINUNTI: OR, THE VAL DE MAZZARA, SICILIAN, CALABRIAN, AND NEAPOLITAN SCENERIES BY A LATE RAMBLER IN THOSE COUNTRIES"
,381,1800,Romance of the Ruin (horror mode),unsigned,unknown,THE RUINS OF ST. OSWALD
,382,1822,Sentimental Gothic,"Russell, John",m,THENUN OF ARROUCA: A TALE
,383,1798,Gothic parody,"R. S., esq",m,THE NEW MONK
,384,1808,Romance of the ruin (terror mode),"Saint Victor, Helen",f,"THE RUINS OF RIGONDA: OR, THE HOMICIDAL FATHER"
,385,1798,"Serialized Gothic (terror mode, Radcliffean elements)",unsigned,unknown,"SCHABRACO, A ROMANCE"
,386,1788,Sentimental fiction (features from Mackenzie’s MAN OF FEELING),unsigned,unknown,"THE SCHOOL FOR FATHERS: OR, THE VICTIM OF A CURSE"
,387,1814,Pure or high Gothic (Radcliffean imitation),"Scott, Honoria",f,THE CASTLE OF STRATHMAY: A TALE
,388,1816,Historical fiction (elements of Gothic characterization and scenery),"Scott, Sir Walter",m,THE BLACK DWARF
,389,1819,Historical fiction (salient Gothic traits),"Scott, Sir Walter",m,THE BRIDE OF LAMMERMOOR
,390,1819,Historical fiction (varieties of Gothic characterization and monastic locale),"Scott, Sir Walter",m,THE ABBOT
,391,1820,Historical fiction (prominent Gothic influences in scenery and characterization),"Scott, Sir Walter",m,THE MONASTERY
,392,1821,"Historical fiction (substantial Gothic residue, especially the persecuted maiden)","Scott, Sir Walter",m,KENILWORTH
,393,1802,Gothic Chapbook,unsigned,unknown,"THE SECRET OATH: OR, BLOOD-STAINED DAGGER"
,394,1803,Gothic bluebook (plagiarized abridgement of several novels of the secret Fehmic Court),unsigned,unknown,"THE SECRET TRIBUNAL: OR, THE COURT OF WINCELAUS, A MYSTERIOUS TALE"
,395,1797,Pure or high Gothic (Radcliffean imitation),"Selden, Catherine",f,THE COUNT DE SANTERRE: A ROMANCE
,396,1797,"Pure or high Gothic (elements of the monastic shocker, influence of Diderot’s LA RELIGIEUSE)","Selden, Catherine",f,THE ENGLISH NUN
,397,1805,Pure or high Gothic (Radcliffean imitation),"Selden, Catherine",f,"VILLA NOVA: OR, THE RUINED CASTLE"
,398,1789,Sentimental Gothic (imitation of Reeve’s OLD ENGLISH BARON),unsigned,unknown,"SEYMOUR CASTLE: OR, THE HISTORY OF JULIA AND CECILIA"
161,399,1818,Philosophical Gothic (sometimes categorized as primitive science fiction),"Shelley, Mary",f,"FRANKENSTEIN, OR, THE MODERN PROMETHEUS"
165,400,1823,Gothified history (uses the castle tyrant as its main character),"Shelley, Mary",f,"VALPERGA, OR, THE LIFE AND ADVENTURES OF CASTRUCCIO, PRINCE OF LUCCA"
162,401,1826,Apocalyptic Gothic (futuristic science fiction),"Shelley, Mary",f,THE LAST MAN
160,402,1830,Gothified history,"Shelley, Mary",f,THE FORTUNES OF PERKIN WARBECK. A ROMANCE
163,403,1835,Domestic fiction (recessive Gothic traits),"Shelley, Mary",f,LODORE
167,404,1810,Pure or high Gothic (Schauerromantik features and characters),"Shelley, Percy",m,ZASTROZZI. A ROMANCE
166,405,1811,Pure or high Gothic (Schauerromantik features and characters),"Shelley, Percy",m,"ST. IRVYNE, OR, THE ROSICRURIAN. A ROMANCE"
,406,1802,Gothic chapbook (composite plagiarism),unsigned,unknown,"SHREWTZER CASTLE: OR, THE PERFIDIOUS BROTHER, A GERMAN ROMANCE INCLUDING THE PATHETIC TALE OF EDMUND’S GHOST"
,407,1798,Pure or high Gothic (imitation of OTRANTO and other first Gothics),"Sickelmore, Richard",m,"EDGAR: OR, THE PHANTOM OF THE CASTLE"
168,408,1800,Pure or high Gothic (elements of THE MONK's loathsome descriptions),"Sickelmore, Richard",m,MARY JANE. A NOVEL
,409,1805,"Pure or high Gothic (romance of the ruin, numerous Radcliffean elements)","Sickelmore, Richard",m,"RASHLEIGH ABBEY: OR, THE RUIN ON THE ROCK"
,410,1809,Pure or high Gothic (journalistic format),"Sickelmore, Richard",m,"OSRICK: OR, MODERN HORRORS, A ROMANCE INTERSPERSED WITH A FEW ANECDOTES, ETC. THAT HAVE THEIR FOUNDATIONS IN TRUTH"
,411,1791,Gothified history,"Siddons, Henry",m,"WILLIAM WALLACE: OR, THE HIGHLAND HERO, A TALE FOUNDED ON HISTORICAL FACTS"
,412,1803,Räuberroman (various Radcliffean elements),"Siddons, Henry",m,REGINALD DE TORBY AND THE TWELVE ROBBERS
169,413,1809,Domestic Gothic (apparitional visitations),"Siddons, Henry",m,THE SON OF THE STORM. A TALE
,414,1796,Pure or high Gothic (imitation of OTRANTO),"Singer, Mr.",m,"THE MYSTIC CASTLE: OR, THE ORPHAN HEIR"
171,415,1798,"Pure or high Gothic (terror elements, Germanic elements and sublime topographies)","Sleath, Eleanor",f,THE ORPHAN OF THE RHINE. A ROMANCE
173,416,1802,Pure or high Gothic (terror elements),"Sleath, Eleanor",f,"WHO'S THE MURDERER? OR, THE MYSTERY OF THE FOREST"
170,417,1810,"Pure or high Gothic (horrific medievalism, situations from Walpole and Reeve)","Sleath, Eleanor",f,"THE NOCTURNAL MINSTREL, OR, THE SPIRIT OF THE WOOD"
172,418,1811,Pure or high Gothic (Radcliffean imitation),"Sleath, Eleanor",f,PYRENEAN BANDITTI. A ROMANCE
,419,1809,"Pure or high Gothic (terror mode, Radcliffean imitation)","Smith, Catharine",f,"THE CASTLE OF ARAGON: OR, THE BANDITTI OF THE FOREST"
174,420,1815,Pure or high Gothic (terror-horror modes),"Smith, Catharine",f,"BAROZZI, OR, THE VENETIAN SORCERESS. A ROMANCE OF THE SIXTEENTH CENTURY"
,421,1788,Sentimental Gothic (prominent features of the novel of terror),"Smith, Charlotte",f,"EMMELINE, THE ORPHAN OF THE CASTLE"
,422,1789,Sentimental Gothic (anticipates Radcliffean Gothic romance),"Smith, Charlotte",f,"ETHELINDE: OR, THE RECLUSE OF THE LAKE"
,423,1793,Sentimental Gothic (polemical and didactic elements),"Smith, Charlotte",f,THE OLD MANOR HOUSE
,424,1794,Political Gothic (terrors of the French Revolution),"Smith, Charlotte",f,THE BANISHED MAN
175,425,1796,Sentimentalized Gothic (various Radcliffean devices and effects),"Smith, Charlotte",f,MARCHMONT. A NOVEL
,426,1810,"Pure or high Gothic (terror mode, bluebook quality)","Smith, Julia",f,"THE PRISON OF MONTAUBIN: OR, TIMES OF TERROR, A REFLECTIVE TALE"
177,427,1753,Picaresque fiction (several heavily pre-Gothic episodes),"Smollett, Tobias",m,THE ADVENTURES OF FERDINAND COUNT FATHOM
,428,1812,Räuberroman and Ritterroman (sham translation from the German),"Soane, George",m,KNIGHT DAEMON AND ROBBER CHIEF
,429,1804,Gothic chapbook (composite Gothic plagiarisms),unsigned,unknown,"SOMERSET CASTLE: OR, THE FATHER AND DAUGHTER, A TRAGIC TALE TO WHICH IS ADDED GHOST AND NO GHOST: OR, THE DUNGEON"
,430,1800,"Pure or high Gothic (Schauerromantik features, imitation of THE MONK)","Somerset, Henry",m,"JACQUELINE OF OLZENBERG: OR, FINAL RETRIBUTION"
,431,1801,"Ritterroman (speculative, sham translation from German sources, terror mode)","Somerset, Henry",m,"MARTYN OF FENROSE: OR, THE WIZARD AND THE SWORD"
,432,1802,Gothic Chapbook (72-page shilling shocker,unsigned,unknown,"THE SOUTHERN TOWER: OR, CONJUGAL SACRIFICE AND RETRIBUTION"
,433,1800,Gothic Chapbook,unsigned,unknown,"THE SPECTRE MOTHER: OR, THE HAUNTED TOWER"
,434,1811,Pure or high Gothic (horror mode),unsigned,unknown,THE SPECTRE OF THE MOUNTAIN OF GRENADA
182,435,1806,"Sentimental Gothic (epistolary format, Radcliffean elements)","Stanhope, Louisa Sidney",f,"MONTBRASIL ABBEY, OR, MATERNAL TRAITS. A TALE"
180,436,1810,Pure or high Gothic (monastic shocker elements),"Stanhope, Louisa Sidney",f,"DI MONTRANZO, OR, THE NOVICE OF CORPUS DOMINI. A ROMANCE"
178,437,1812,"Pure or high Gothic (imitation of THE ITALIAN, elements of the monastic shocker)","Stanhope, Louisa Sidney",f,THE CONFESSIONAL OF VALOMBRE. A ROMANCE
181,438,1814,"Sentimental Gothic (numerous spectral components, especially in the subplots)","Stanhope, Louisa Sidney",f,MADELINA. A TALE FOUNDED ON FACTS
185,439,1815,Pure or high Gothic (natural terror),"Stanhope, Louisa Sidney",f,"TREACHERY, OR, THE GRAVE OF ANTOINETTE"
183,440,1818,Sentimental Gothic (no supernatural elements),"Stanhope, Louisa Sidney",f,THE NUN OF SANTA MARIA DI TINDARO. A TALE
184,441,1824,Gothified history (intermittent terror elements),"Stanhope, Louisa Sidney",f,THE SIEGE OF KENILWORTH. AN HISTORICAL ROMANCE
179,442,1830,Orientalized Gothic (Gothic passions but minimal terror and horror),"Stanhope, Louisa Sidney",f,THE CORSAIR'S BRIDE. A LEGEND OF THE SIXTEENTH CENTURY
,443,1794,Sentimental Gothic (imitation of Charlotte Smith’s EMMELINE),"Stratton, Jemima Maria",f,THE MAID OF THE CASTLE: A LEGENDARY TALE
,444,1792,Sentimental Gothic (terror mode),"Street, Miss",f,THE RECLUSE OF THE APPENNINES
,445,1812,Grotto Gothic (horror and terror modes),"Stuart, Augusts Amelia",f,"THE CAVE OF TOLEDO: OR, THE GOTHIC PRINCESS, AN HISTORICAL ROMANCE"
,446,1816,Pure or high Gothic (terror mode),"Sullivan, Mary Ann",f,"OWEN CASTLE: OR, WHICH IS THE HEROINE?"
186,447,1808,Gothified history (terror mode),"Sykes, Mrs. S",f,"MARGIANA, OR, WIDDRINGTON TOWER. A TALE OF THE FIFTEENTH CENTURY"
,448,1803,Gothic chapbook,unsigned,unknown,"A TALE OF MYSTERY: OR, THE CASTLE OF SOLITUDE"
,449,1800,Gothic chapbook (composite plagiarism from multiple Gothic sources),unsigned,unknown,"THEODORE AND EMMA: OR, THE ITALIAN BANDIT"
,450,1815,Domestic fiction (intermittent Gothic scenes and devices),unsigned,unknown,"THERESA: OR, THE WIZARD’S FATE"
,451,1799,Sentimental Gothic (Radcliffean imitation),"Thomas, Francis Tracy",m,MONK-WOOD PRIORY
188,452,1803,Pure or high Gothic (terror mode),"Thomson, Alexander",m,THE THREE GHOSTS OF THE FOREST. A TALE OF HORROR. AN ORIGINAL ROMANCE
,453,1807,Gothic chapbook,unsigned,unknown,"THE TOMB OF AURORA: OR, THE MYSTERIOUS SUMMONS"
189,454,1798,Pure or high Gothic (terror mode),"Tomlins, Elizabeth Sophia",f,ROSALIND DE TRACY
,455,1824,Sentimental Gothic,unsigned,unknown,"THE TRADITION OF THE CASTLE: OR, SCENES IN THE EMERALD ISLE"
,456,1814,"Pure or high Gothic (horror mode, imitation of OTRANTO)","Tuckett, T.R.",unknown,"URBINO: OR, THE VAULTS OF LEPANTO: A ROMANCE"
,457,1804,Pure or high Gothic (elements of the monastic shocker),unsigned,unknown,"VALOMBROSA: OR, THE VENETIAN NUN"
,458,1803,Pure or high Gothic (imitation of THE CASTLE OF OTRANTO),"Vanzee, Maria",f,"FATE: OR, SPONG CASTLE"
,459,1795,Marginal Gothic (imitation of Radcliffean landscapes),unsigned,unknown,WALDECK ABBEY
,460,1792,"Grotto Gothic (Gothified history, imitation of Sophia Lee’s THE RECESS)","Walker, George",m,"THE ROMANCE OF THE CAVERN: OR, THE HISTORY OF FITZ-HENRY AND JAMES"
191,461,1794,Pure or high Gothic (imitation of THE CASTLE OF OTRANTO),"Walker, George",m,THE HAUNTED CASTLE. A NORMAN ROMANCE
,462,1795,"Philosophical Gothic (polemical elements, reactions to Godwin’s ideas)","Walker, George",m,THE HOUSE OF TYNIAN
192,463,1796,Polemical fiction (numerous Gothic elements),"Walker, George",m,"THEODORE CYPHON, OR, THE BENEVOLENT JEW"
,464,1800,Pure or high Gothic (imitation of THE MONK),"Walker, George",m,THE THREE SPANIARDS: A ROMANCE
190,465,1803,"Pure or high Gothic (strains of horror, terror, and Schauerromantik effects)","Walker, George",m,DON RAPHAEL. A ROMANCE
193,466,1764,Pure or high Gothic (first of the first Gothics and technical prototype),"Walpole, Horace",m,THE CASTLE OF OTRANTO
,467,1802,Gothic chapbook,unsigned,unknown,"THE WANDERING SPIRIT: OR, THE MEMOIRS OF THE HOUSE OF MORNO"
194,468,1795,Pure or high Gothic (influence of THE CASTLE OF OTRANTO and Leland's LONGSWORD),"Warner, Richard",m,NETLEY ABBEY. A GOTHIC STORY
,469,n.d.,Gothic chapbook,"Watkins, Lucy",f,"ROMANO CASTLE: OR, THE HORRORS OF THE FOREST"
197,470,1827,Domestic fiction (recessant Gothic traits),"West, Jane",f,"RINGROVE, OR, OLD FASHIONED NOTIONS"
,471,1783,"Gothified history (verse novel, imitation of Reeve’s OLD ENGLISH BARON)","Whalley, Thomas Sedgwick",m,EDWY AND EDILDA: A GOTHIC TALE IN FIVE PARTS
,472,1789,Gothified history/parody (burlesque and satiric elements),"White, James",m,EARL STRONGBOW: THE HISTORY OF RICHARD DE CLARE AND THE BEAUTIFUL GERALDA
,473,1803,Pure or high Gothic (imitation of OTRANTO),"White, T.H.",unknown,"BELGROVE CASTLE: OR, THE HORRID SPECTRE"
,474,1803,Gothic bluebook,"Wilkinson, Sarah",f,"THE SUBTERRANEAN PASSAGE: OR, GOTHIC CELL"
198,475,1804,Gothic chapbook (compressed Gothified history),"Wilkinson, Sarah",f,"THE KNIGHTS OF CALATRAVA, OR, DAYS OF CHIVALRY"
,476,1805,Gothic chapbook (highly sentimental),"Wilkinson, Sarah",f,"INKLE AND YARICO: OR, LOVE IN A CAVE, AN INTERESTING TALE"
,477,1805,Gothic chapbook (Gothified history),"Wilkinson, Sarah",f,MONKCLIFFE ABBEY: A TALE OF THE FIFTEENTH CENTURY
,478,1805,Periodical chapbook (straight supernatural horror),"Wilkinson, Sarah",f,"THE SORCERER’s PALACE: OR, THE PRINCESS OF SINADONE"
201,479,1805,Gothic bluebook,"Wilkinson, Sarah",f,"THE WATER SPECTRE, OR, AN BRTACH"
,480,1807,Pure or high Gothic (based on Lewis’s Gothic drama of 1798),"Wilkinson, Sarah",f,"THE CASTLE SPECTRE: OR, FAMILY HORRORS, A GOTHIC STORY"
,481,1807,Pure or high Gothic (elements of the monastic shocker),"Wilkinson, Sarah",f,"THE FUGITIVE COUNTESS: OR, THE CONVENT OF ST. URSULA"
,482,1809,Pure or high Gothic (imitation of Mrs. Radcliffe’s THE ITALIAN),"Wilkinson, Sarah",f,"THE MYSTERIOUS NOVICE: OR, CONVENT OF THE GREY PENITENTS, INCLUDING THE MEMOIRS OF AUGUSTUS AND WILHELMINA"
,483,1810,Gothic chapbook (terror mode),"Wilkinson, Sarah",f,"THE CASTLE OF MONTABINO: OR, THE ORPHAN SISTERS"
,484,1810,Pure or high Gothic (elements of the monastic shocker),"Wilkinson, Sarah",f,"THE CONVENT OF THE GREY PENITENTS: OR, THE APOSTATE NUN"
,485,1810,Periodical Gothic (terror mode),"Wilkinson, Sarah",f,TORBOLTON ABBEY: A GOTHIC TALE
199,486,1820,Pure or high Gothic (terror mode),"Wilkinson, Sarah",f,"THE SPECTRE OF LANMERE ABBEY, OR, THE MYSTERY OF THE BLUE AND SILVER BAG"
200,487,1820,Gothic chapbook (Shauerromantik elements),"Wilkinson, Sarah",f,"THE SPECTRES, OR, LORD OSWALD AND LADY ROSA &C"
,488,n.d.,Gothic bluebook,"Wilkinson, Sarah",f,"THE RUFFIAN BOY: OR, THE CASTLE OF WALDEMAR, A VENETIAN TALE"
202,489,n.d.,Gothic chapbook,"Wilkinson, Sarah",f,"ZITTAW THE CRUEL, OR, THE WOODMAN'S DAUGHTER. A POLISH ROMANCE"
,490,1804,Gothified history (terror mode),"Williams, William Frederick",m,THE WITCHERIES OF CRAIG ISAF
205,491,1804,Domestic fiction (digressive Gothic tendencies),"Williams, William Frederick",m,THE WORLD WE LIVE IN. A NOVEL
,492,n.d.,Gothic chapbook (plagiarism of Shelley’s ST. IRVYNE),unsigned,unknown,"WOLFSTEIN: OR, THE MYSTERIOUS BANDIT, A TERRIFIC ROMANCE, TO WHICH IS ADDED THE BRONZE STATUE, A TERRIFIC TALE"
,493,1804,Sentimental Gothic (terror mode),"Woodfall, Sophia",f,"ROSA: OR, THE CHILD OF THE ABBEY"
,494,1800,"Pure or high Gothic (horror, terror modes)","Yorke, Mrs. R. M. P.",f,"THE VALLEY OF COLLARES: OR, THE CAVERN OF HORRORS"
206,495,1801,Pure or high Gothic (horror mode),"Yorke, Mrs. R. M. P.",f,"THE HAUNTED PALACE, OR, THE HORRORS OF VENTOLIENE. A ROMANCE."
207,496,1801,Pure or high Gothic (horror mode),"Yorke, Mrs. R. M. P.",f,"THE ROMANCE OF SMYRNA, OR, THE PREDICTIONS FULFILLED!!!"
,497,1798,Pure or high Gothic (Radcliffean elements),"Young, Mary Julia",f,"ROSE-MOUNT CASTLE: OR, FALSE REPORT"
208,498,1799,Pure or high Gothic (Radcliffean elements),"Young, Mary Julia",f,"THE EAST INDIAN, OR, CLIFFORD PRIORY"
,499,1803,Pure or high Gothic (terror mode),"Young, Mary Julia",f,"MOSS CLIFF ABBEY: OR, THE SEPULCHRAL HARMONIST, A MYSTERIOUS TALE"
,500,1816,Sentimental Gothic (combined imitation of several sentimental Gothics),"Ziegenhirt, Sophia F.",f,THE ORPHAN OF TINTERN ABBEY
,188222,1810,Pure or high Gothic (terror mode); Gothified history (Radcliffean imitation),"Huish, Robert or G. Lambe",m,THE MYSTERIES OF FERNEY CASTLE: A ROMANCE OF THE FIFTEENTH CENTURY
7,,,,,,
8,,,,,,
13,,,,,,
14,,,,,,
15,,,,,,
24,,,,,,
48,,,,,,
49,,,,,,
56,,,,,,
57,,,,,,
63,,,,,,
84,,,,,,
97,,,,,,
98,,,,,,
101,,,,,,
103,,,,,,
121,,,,,,
126,,,,,,
147,,,,,,
156,,,,,,
158,,,,,,
159,,,,,,
164,,,,,,
176,,,,,,
187,,,,,,
195,,,,,,
196,,,,,,
203,,,,,,
204,,,,,,